audio_file,annotation,low_f,high_f,start_time,end_time
./audio/DCPP01A_d01_121112_122652.d100.x.wav,A,76.27795031,87.22515528,15.45418817,32.32244049
./audio/DCPP01A_d01_121112_122652.d100.x.wav,20Hz,14.97360248,26.79658385,43.01789038,44.60692859
./audio/DCPP01A_d01_121112_122652.d100.x.wav,20Hz,16.72515528,27.23447205,60.18335059,61.71127191
./audio/DCPP01A_d01_121112_122652.d100.x.wav,B,23.73136646,52.19409938,62.50579108,80.59638055
./audio/DCPP01A_d01_121112_122652.d100.x.wav,20Hz,14.09782609,24.16925466,80.84084796,82.61323682
./audio/DCPP01A_d01_121112_122652.d100.x.wav,20Hz,15.41149068,28.98602484,98.05904865,99.40361945
./audio/DCPP01A_d01_121112_122652.d100.x.wav,20Hz,13.65993789,28.11024845,118.5943124,120.7334023
./audio/DCPP01A_d01_121112_122652.d100.x.wav,B,34.4363354,50.84937888,124.2462488,145.2622816
./audio/DCPP01A_d01_121112_122652.d100.x.wav,B,36.3121118,49.44254658,177.0237411,199.4975334
./audio/DCPP01A_d01_121112_122652.d100.x.wav,A,77.11024845,92.11645963,197.7305243,218.6858172
./audio/DCPP01A_d01_121112_122652.d100.x.wav,A,71.95186335,91.64751553,222.2031862,238.9674205
./audio/DCPP01A_d01_121112_122652.d100.x.wav,B,18.02329193,56.47670807,248.1998973,267.0900309
./audio/DCPP01A_d01_121112_122652.d100.x.wav,B,10.98913043,53.19409938,270.9110999,288.4649539
./audio/DCPP01A_d01_121112_122652.d100.x.wav,A,76.71583851,90.29037267,330.061117,348.9462256
./audio/DCPP01A_d01_121112_122652.d100.x.wav,B,25.04503106,52.19409938,378.4489144,396.4172701
./audio/DCPP01A_d01_121112_122652.d100.x.wav,A,74.96428571,89.85248447,384.6217168,400.2065153
./audio/DCPP01A_d01_121112_122652.d100.x.wav,B,11.47049689,52.19409938,432.4594625,449.1443642
./audio/DCPP01A_d01_121112_122652.d100.x.wav,A,76.27795031,92.04192547,452.1390902,469.9852123
./audio/DCPP01A_d01_121112_122652.d100.x.wav,A,78.9052795,91.16614907,467.4710447,483.7281285
./audio/DCPP01A_d01_121112_122652.d100.x.wav,B,21.97981366,55.25931677,501.1380562,518.617477
./audio/DCPP01A_d01_121112_122652.d100.x.wav,B,12.78416149,52.19409938,516.2339196,533.9578079
./audio/DCPP01A_d01_121112_122652.d100.x.wav,A,75.84006211,87.66304348,580.5037232,601.9557397
./audio/DCPP01A_d01_121112_122652.d100.x.wav,B,9.718944099,53.50776398,630.1222341,650.5352641
./audio/DCPP01A_d01_121112_122652.d100.x.wav,A,76.27795031,87.22515528,758.0674254,777.4414689
./audio/DCPP01A_d01_121112_122652.d100.x.wav,B,24.16925466,65.76863354,807.3108588,825.095864
./audio/DCPP01A_d01_121112_122652.d100.x.wav,A,74.08850932,89.85248447,831.5658743,848.6174772
./audio/DCPP01A_d01_121112_122652.d100.x.wav,B,10.52018634,65.85559006,880.3202472,897.8133613
./audio/DCPP01A_d01_121112_122652.d100.x.wav,A,75.23447205,90.70962733,887.5483047,905.9525186
./audio/DCPP01A_d01_121112_122652.d100.x.wav,B,12.86490683,64.44875776,936.0077087,954.1082226
./audio/DCPP01A_d01_121112_122652.d100.x.wav,A,72.88975155,90.24068323,970.9939368,988.0618711
./audio/DCPP01A_d01_121112_122652.d100.x.wav,A,76.17236025,88.36490683,1011.860843,1029.293218
./audio/DCPP01A_d01_121112_122652.d100.x.wav,B,9.582298137,52.72515528,1018.542241,1037.310895
./audio/DCPP01A_d01_121112_122652.d100.x.wav,B,15.67857143,66.79347826,1058.437308,1077.388182
./audio/DCPP01A_d01_121112_122652.d100.x.wav,A,74.52639752,86.78726708,1111.336195,1129.060083
./audio/DCPP01A_d01_121112_122652.d100.x.wav,B,11.47049689,54.38354037,1159.365668,1176.172803
./audio/DCPP01A_d01_121112_122652.d100.x.wav,A,74.96428571,87.66304348,1183.620683,1203.11696
./audio/DCPP01A_d01_121112_122652.d100.x.wav,20Hz,16.72515528,29.42391304,1185.393072,1186.859877
./audio/DCPP01A_d01_121112_122652.d100.x.wav,20Hz,12.78416149,26.35869565,1206.478387,1208.006309
./audio/DCPP01A_d01_121112_122652.d100.x.wav,20Hz,14.97360248,30.73757764,1223.468873,1225.546847
./audio/DCPP01A_d01_121112_122652.d100.x.wav,B,12.78416149,52.63198758,1233.728129,1252.674354
./audio/DCPP01A_d01_121112_122652.d100.x.wav,20Hz,14.53571429,24.16925466,1244.904137,1246.248708
./audio/DCPP01A_d01_121112_122652.d100.x.wav,A,73.65062112,86.78726708,1253.521614,1269.228646
./audio/DCPP01A_d01_121112_122652.d100.x.wav,20Hz,16.72515528,28.54813665,1261.894623,1263.91148
./audio/DCPP01A_d01_121112_122652.d100.x.wav,20Hz,14.09782609,25.92080745,1282.307653,1283.713341
./audio/DCPP01A_d01_121112_122652.d100.x.wav,B,12.78416149,53.50776398,1300.687074,1316.944158
./audio/DCPP01A_d01_121112_122652.d100.x.wav,A,76.27795031,87.22515528,1312.177043,1328.923062
./audio/DCPP01A_d01_121112_122652.d100.x.wav,B,20.66614907,51.31832298,1359.22027,1369.854603
./audio/DCPP01A_d01_121112_122652.d100.x.wav,B,12.78416149,53.94565217,1368.93785,1384.767116
./audio/DCPP01A_d01_121112_122652.d100.x.wav,A,74.52639752,92.04192547,1385.500518,1400.657498
./audio/DCPP01A_d01_121112_122652.d100.x.wav,B,11.90838509,53.94565217,1433.582731,1450.084282
./audio/DCPP01A_d01_121112_122652.d100.x.wav,A,73.65062112,88.97670807,1441.344572,1460.04633
./audio/DCPP01A_d01_121112_122652.d100.x.wav,20Hz,17.16304348,29.86180124,1456.623786,1458.885109
./audio/DCPP01A_d01_121112_122652.d100.x.wav,20Hz,14.09782609,25.48291925,1478.120166,1479.892555
./audio/DCPP01A_d01_121112_122652.d100.x.wav,B,22.85559006,55.25931677,1491.626992,1510.023165
./audio/DCPP01A_d01_121112_122652.d100.x.wav,20Hz,15.41149068,30.29968944,1495.477354,1497.616444
./audio/DCPP01A_d01_121112_122652.d100.x.wav,20Hz,13.65993789,27.67236025,1517.357188,1519.190694
./audio/DCPP01A_d01_121112_122652.d100.x.wav,20Hz,15.84937888,29.42391304,1535.133817,1537.150673
./audio/DCPP01A_d01_121112_122652.d100.x.wav,A,78.02950311,86.78726708,1576.370942,1593.91148
./audio/DCPP01A_d01_121112_122652.d100.x.wav,B,12.34627329,52.63198758,1625.125441,1642.971563
./audio/DCPP01A_d01_121112_122652.d100.x.wav,A,73.65062112,90.72826087,1641.871459,1659.778698
./audio/DCPP01A_d01_121112_122652.d100.x.wav,B,11.90838509,54.38354037,1691.420477,1708.838781
./audio/DCPP01A_d01_121112_122652.d100.x.wav,A,78.02950311,89.85248447,1759.426785,1774.400415
./audio/DCPP01A_d01_121112_122652.d100.x.wav,A,77.59161491,90.29037267,1773.178078,1791.0242
./audio/DCPP01A_d01_121112_122652.d100.x.wav,B,24.16925466,52.19409938,1809.648088,1824.438367
./audio/DCPP01A_d01_121112_122652.d100.x.wav,B,13.65993789,51.31832298,1822.23816,1838.18966
./audio/DCPP01A_d01_121112_122652.d100.x.wav,A,76.27795031,90.29037267,1888.349846,1906.74602
./audio/DCPP01A_d01_121112_122652.d100.x.wav,A,73.65062112,90.72826087,1907.287695,1924.155947
./audio/DCPP01A_d01_121112_122652.d100.x.wav,20Hz,15.41149068,28.11024845,1930.320373,1932.031646
./audio/DCPP01A_d01_121112_122652.d100.x.wav,B,25.48291925,52.19409938,1937.287695,1954.828233
./audio/DCPP01A_d01_121112_122652.d100.x.wav,20Hz,15.41149068,25.04503106,1951.344572,1953.055844
./audio/DCPP01A_d01_121112_122652.d100.x.wav,B,11.0326087,52.19409938,1956.111687,1972.613238
./audio/DCPP01A_d01_121112_122652.d100.x.wav,20Hz,14.09782609,26.35869565,1990.450984,1992.406723
./audio/DCPP01A_d01_121112_122652.d100.x.wav,20Hz,17.16304348,28.98602484,2007.555327,2009.083248
./audio/DCPP01A_d01_121112_122652.d100.x.wav,A,75.84006211,88.10093168,2015.614376,2031.810343
./audio/DCPP01A_d01_121112_122652.d100.x.wav,A,76.71583851,90.72826087,2033.093797,2049.16753
./audio/DCPP01A_d01_121112_122652.d100.x.wav,B,22.85559006,53.94565217,2064.071666,2081.612204
./audio/DCPP01A_d01_121112_122652.d100.x.wav,B,13.65993789,51.31832298,2081.001035,2098.113755
./audio/DCPP01A_d01_121112_122652.d100.x.wav,20Hz,14.09782609,27.23447205,2106.783972,2108.861945
./audio/DCPP01A_d01_121112_122652.d100.x.wav,20Hz,16.72515528,27.67236025,2125.852431,2127.62482
./audio/DCPP01A_d01_121112_122652.d100.x.wav,B,21.97981366,51.31832298,2215.049536,2233.140125
./audio/DCPP01A_d01_121112_122652.d100.x.wav,D,30.73757764,62.26552795,2219.694417,2222.261325
./audio/DCPP01A_d01_121112_122652.d100.x.wav,B,15.41149068,51.31832298,29279.78821,29298.2455
./audio/DCPP01A_d01_121112_122652.d100.x.wav,D,26.79658385,64.45496894,29310.04105,29313.40248
./audio/DCPP01A_d01_121112_122652.d100.x.wav,B,18.96118012,50.84937888,29317.12597,29337.56242
./audio/DCPP01A_d01_121112_122652.d100.x.wav,B,25.52639752,55.06987578,29331.36397,29350.20478
./audio/DCPP01A_d01_121112_122652.d100.x.wav,D,43.81521739,68.66925466,29345.71444,29349.76491
./audio/DCPP01A_d01_121112_122652.d100.x.wav,D,71.01397516,85.08229814,29351.91288,29370.99918
./audio/DCPP01A_d01_121112_122652.d100.x.wav,B,24.11956522,54.13198758,29369.21942,29388.85805
./audio/DCPP01A_d01_121112_122652.d100.x.wav,D,35.8431677,68.66925466,29369.40354,29373.82223
./audio/DCPP01A_d01_121112_122652.d100.x.wav,20Hz,15.20962733,32.56055901,29394.18703,29396.335
./audio/DCPP01A_d01_121112_122652.d100.x.wav,B,9.582298137,70.07608696,29400.69232,29419.96273
./audio/DCPP01A_d01_121112_122652.d100.x.wav,B,37.25,51.31832298,29424.67799,29443.70291
./audio/DCPP01A_d01_121112_122652.d100.x.wav,D,33.9673913,75.70341615,29456.39637,29460.75369
./audio/DCPP01A_d01_121112_122652.d100.x.wav,B,38.6568323,50.38043478,29468.29201,29486.58048
./audio/DCPP01A_d01_121112_122652.d100.x.wav,A,71.95186335,86.48913043,29470.31724,29489.46491
./audio/DCPP01A_d01_121112_122652.d100.x.wav,D,40.0636646,75.23447205,29489.83313,29494.49731
./audio/DCPP01A_d01_121112_122652.d100.x.wav,20Hz,13.80279503,28.34006211,29508.47955,29510.87301
./audio/DCPP01A_d01_121112_122652.d100.x.wav,D,38.6568323,71.01397516,29508.60229,29512.95961
./audio/DCPP01A_d01_121112_122652.d100.x.wav,B,8.175465839,68.66925466,29518.42161,29536.28048
./audio/DCPP01A_d01_121112_122652.d100.x.wav,B,36.3121118,53.66304348,29532.7107,29551.55151
./audio/DCPP01A_d01_121112_122652.d100.x.wav,20Hz,12.86490683,31.15372671,29547.19419,29549.46491
./audio/DCPP01A_d01_121112_122652.d100.x.wav,20Hz,11.92701863,25.99534161,29568.06023,29570.26958
./audio/DCPP01A_d01_121112_122652.d100.x.wav,20Hz,15.20962733,33.02950311,29584.98827,29587.25899
./audio/DCPP01A_d01_121112_122652.d100.x.wav,B,38.1878882,51.78726708,29585.34622,29611.12192
./audio/DCPP01A_d01_121112_122652.d100.x.wav,A,73.35869565,91.64751553,29607.62379,29626.28048
./audio/DCPP01A_d01_121112_122652.d100.x.wav,B,36.3121118,51.78726708,29638.05338,29658.12161
./audio/DCPP01A_d01_121112_122652.d100.x.wav,B,10.52018634,66.79347826,29657.19076,29675.29513
./audio/DCPP01A_d01_121112_122652.d100.x.wav,B,35.8431677,52.72515528,29694.06428,29714.5621
./audio/DCPP01A_d01_121112_122652.d100.x.wav,20Hz,16.14751553,30.21583851,29714.31662,29716.09637
./audio/DCPP01A_d01_121112_122652.d100.x.wav,A,76.17236025,91.17857143,29729.21942,29747.56927
./audio/DCPP01A_d01_121112_122652.d100.x.wav,20Hz,15.20962733,31.62267081,29772.15837,29775.34964
./audio/DCPP01A_d01_121112_122652.d100.x.wav,B,11.92701863,67.26242236,29777.80447,29796.52254
./audio/DCPP01A_d01_121112_122652.d100.x.wav,D,29.74689441,71.95186335,29783.69606,29788.11475
./audio/DCPP01A_d01_121112_122652.d100.x.wav,20Hz,15.41149068,32.92701863,29809.45946,29811.29297
./audio/DCPP01A_d01_121112_122652.d100.x.wav,20Hz,18.02329193,30.68478261,29845.16896,29847.31693
./audio/DCPP01A_d01_121112_122652.d100.x.wav,A,73.82763975,90.70962733,29849.58765,29869.96273
./audio/DCPP01A_d01_121112_122652.d100.x.wav,B,19.43012422,55.06987578,29871.17986,29891.4322
./audio/DCPP01A_d01_121112_122652.d100.x.wav,D,38.6568323,82.26863354,29878.17612,29882.34933
./audio/DCPP01A_d01_121112_122652.d100.x.wav,D,41.68478261,74.52639752,29883.54219,29886.29245
./audio/DCPP01A_d01_121112_122652.d100.x.wav,B,10.98913043,65.85559006,29900.07519,29918.85463
./audio/DCPP01A_d01_121112_122652.d100.x.wav,D,31.62267081,71.48291925,29907.68516,29912.4107
./audio/DCPP01A_d01_121112_122652.d100.x.wav,20Hz,15.67857143,33.02950311,29921.29918,29922.83344
./audio/DCPP01A_d01_121112_122652.d100.x.wav,B,21.30590062,56.94565217,29926.63843,29948.85463
./audio/DCPP01A_d01_121112_122652.d100.x.wav,20Hz,15.67857143,29.27795031,29938.29886,29939.95587
./audio/DCPP01A_d01_121112_122652.d100.x.wav,D,30.68478261,69.13819876,29951.05369,29955.47238
./audio/DCPP01A_d01_121112_122652.d100.x.wav,20Hz,16.61645963,30.68478261,29957.80447,29959.46148
./audio/DCPP01A_d01_121112_122652.d100.x.wav,20Hz,15.20962733,29.27795031,29973.75058,29976.14404
./audio/DCPP01A_d01_121112_122652.d100.x.wav,B,16.14751553,57.88354037,29979.5808,30001.24466
./audio/DCPP01A_d01_121112_122652.d100.x.wav,20Hz,16.61645963,28.34006211,29993.69606,29996.15089
./audio/DCPP01A_d01_121112_122652.d100.x.wav,A,71.01397516,91.17857143,30004.1188,30024.12566
./audio/DCPP01A_d01_121112_122652.d100.x.wav,40Hz,54.60093168,115.5636646,30030.3241,30032.4107
./audio/DCPP01A_d01_121112_122652.d100.x.wav,B,11.45807453,52.72515528,30034.48703,30054.61662
./audio/DCPP01A_d01_121112_122652.d100.x.wav,40Hz,56.47670807,111.8121118,30035.40759,30037.18734
./audio/DCPP01A_d01_121112_122652.d100.x.wav,40Hz,58.35248447,116.5015528,30041.54466,30043.32441
./audio/DCPP01A_d01_121112_122652.d100.x.wav,40Hz,60.22826087,115.0947205,30046.76117,30048.72503
./audio/DCPP01A_d01_121112_122652.d100.x.wav,D,38.1878882,73.35869565,30049.95245,30054.18703
./audio/DCPP01A_d01_121112_122652.d100.x.wav,20Hz,16.61645963,28.80900621,30050.01382,30052.03905
./audio/DCPP01A_d01_121112_122652.d100.x.wav,40Hz,88.83385093,136.6661491,30052.83687,30054.55525
./audio/DCPP01A_d01_121112_122652.d100.x.wav,B,12.86490683,69.13819876,30054.55525,30073.5188
./audio/DCPP01A_d01_121112_122652.d100.x.wav,40Hz,69.13819876,113.2189441,30058.97394,30060.99918
./audio/DCPP01A_d01_121112_122652.d100.x.wav,40Hz,70.54503106,116.0326087,30064.68142,30066.03157
./audio/DCPP01A_d01_121112_122652.d100.x.wav,40Hz,70.07608696,124.9425466,30070.20478,30072.0459
./audio/DCPP01A_d01_121112_122652.d100.x.wav,D,42.40838509,71.01397516,30080.88329,30084.13594
./audio/DCPP01A_d01_121112_122652.d100.x.wav,40Hz,70.54503106,116.0326087,30082.23344,30084.01319
./audio/DCPP01A_d01_121112_122652.d100.x.wav,20Hz,13.33385093,29.74689441,30086.27363,30088.48298
./audio/DCPP01A_d01_121112_122652.d100.x.wav,B,11.92701863,54.13198758,30088.72846,30110.08547
./audio/DCPP01A_d01_121112_122652.d100.x.wav,40Hz,71.95186335,121.1909938,30089.46491,30091.30603
./audio/DCPP01A_d01_121112_122652.d100.x.wav,40Hz,76.17236025,121.1909938,30101.37083,30103.82566
./audio/DCPP01A_d01_121112_122652.d100.x.wav,40Hz,77.11024845,118.8462733,30106.89419,30108.91942
./audio/DCPP01A_d01_121112_122652.d100.x.wav,A,74.52639752,91.60403727,30126.87777,30146.25181
./audio/DCPP01A_d01_121112_122652.d100.x.wav,B,10.5947205,52.63198758,30175.69338,30194.57849
./audio/DCPP01A_d01_121112_122652.d100.x.wav,D,41.24689441,85.03571429,30185.65543,30190.17808
./audio/DCPP01A_d01_121112_122652.d100.x.wav,D,38.61956522,70.14751553,30206.67963,30211.14116
./audio/DCPP01A_d01_121112_122652.d100.x.wav,20Hz,16.28726708,31.61335404,30223.78397,30226.16753
./audio/DCPP01A_d01_121112_122652.d100.x.wav,D,42.12267081,73.21273292,30234.17384,30237.77973
./audio/DCPP01A_d01_121112_122652.d100.x.wav,A,76.71583851,90.72826087,30251.58376,30269.61324
./audio/DCPP01A_d01_121112_122652.d100.x.wav,D,43.4363354,69.27173913,30256.16753,30259.52896
./audio/DCPP01A_d01_121112_122652.d100.x.wav,B,11.90838509,53.06987578,30300.52161,30318.6122
./audio/DCPP01A_d01_121112_122652.d100.x.wav,D,41.68478261,71.89906832,30341.3393,30346.47311
./audio/DCPP01A_d01_121112_122652.d100.x.wav,D,38.18167702,67.08229814,30370.9726,30375.37301
./audio/DCPP01A_d01_121112_122652.d100.x.wav,A,76.27795031,92.91770186,30402.86722,30422.11903
./audio/DCPP01A_d01_121112_122652.d100.x.wav,B,11.47049689,53.06987578,30451.80507,30470.20124
./audio/DCPP01A_d01_121112_122652.d100.x.wav,B,25.04503106,52.19409938,30514.06639,30533.13485
./audio/DCPP01A_d01_121112_122652.d100.x.wav,A,74.96428571,89.85248447,30526.16753,30544.99152
./audio/DCPP01A_d01_121112_122652.d100.x.wav,D,38.18167702,67.52018634,30558.79555,30562.5848
./audio/DCPP01A_d01_121112_122652.d100.x.wav,20Hz,18.03881988,32.05124224,30565.14333,30567.2213
./audio/DCPP01A_d01_121112_122652.d100.x.wav,B,13.22204969,53.06987578,30575.47208,30593.62379
./audio/DCPP01A_d01_121112_122652.d100.x.wav,20Hz,17.60093168,32.05124224,30602.24126,30604.07477
./audio/DCPP01A_d01_121112_122652.d100.x.wav,D,40.80900621,61.38975155,30618.6122,30622.27921
./audio/DCPP01A_d01_121112_122652.d100.x.wav,B,26.35869565,49.56677019,30621.10962,30642.4394
./audio/DCPP01A_d01_121112_122652.d100.x.wav,A,76.27795031,91.16614907,30651.96525,30670.30031
./audio/DCPP01A_d01_121112_122652.d100.x.wav,D,42.9984472,72.33695652,30683.25708,30687.71862
./audio/DCPP01A_d01_121112_122652.d100.x.wav,B,12.78416149,52.63198758,30700.9726,30718.3909
./audio/DCPP01A_d01_121112_122652.d100.x.wav,A,77.15372671,91.16614907,30817.3667,30837.53526
./audio/DCPP01A_d01_121112_122652.d100.x.wav,B,12.34627329,52.19409938,30865.99897,30883.35615
./audio/DCPP01A_d01_121112_122652.d100.x.wav,20Hz,17.16304348,29.42391304,30895.64064,30897.96308
./audio/DCPP01A_d01_121112_122652.d100.x.wav,B,37.74378882,52.63198758,30909.75026,30930.28552
./audio/DCPP01A_d01_121112_122652.d100.x.wav,20Hz,18.47670807,31.61335404,30933.28025,30935.48046
./audio/DCPP01A_d01_121112_122652.d100.x.wav,A,73.65062112,92.91770186,30937.67229,30955.76288
./audio/DCPP01A_d01_121112_122652.d100.x.wav,D,39.93322981,72.77484472,30979.95677,30982.9515
./audio/DCPP01A_d01_121112_122652.d100.x.wav,B,13.22204969,52.63198758,30985.99897,31003.78397
./audio/DCPP01A_d01_121112_122652.d100.x.wav,20Hz,17.16304348,30.29968944,31009.33723,31011.65967
./audio/DCPP01A_d01_121112_122652.d100.x.wav,A,74.52639752,92.47981366,31056.87777,31075.21282
./audio/DCPP01A_d01_121112_122652.d100.x.wav,B,11.0326087,54.38354037,31105.63227,31123.23392
./audio/DCPP01A_d01_121112_122652.d100.x.wav,A,75.84006211,89.41459627,31181.15595,31199.61324
./audio/DCPP01A_d01_121112_122652.d100.x.wav,B,12.34627329,53.06987578,31230.27715,31248.18439
./audio/DCPP01A_d01_121112_122652.d100.x.wav,A,74.52639752,91.16614907,31347.2213,31366.53423
./audio/DCPP01A_d01_121112_122652.d100.x.wav,B,11.47049689,52.63198758,31395.37301,31413.21913
./audio/DCPP01A_d01_121112_122652.d100.x.wav,D,46.93944099,69.70962733,31436.43516,31440.04106
./audio/DCPP01A_d01_121112_122652.d100.x.wav,D,40.80900621,66.64440994,31457.93154,31461.96525
./audio/DCPP01A_d01_121112_122652.d100.x.wav,A,75.40217391,91.60403727,31477.48894,31495.70176
./audio/DCPP01A_d01_121112_122652.d100.x.wav,B,13.22204969,70.58540373,31526.06008,31543.90621
./audio/DCPP01A_d01_121112_122652.d100.x.wav,D,28.98602484,75.84006211,31550.81241,31556.5574
./audio/DCPP01A_d01_121112_122652.d100.x.wav,A,76.27795031,89.85248447,31600.30031,31617.71862
./audio/DCPP01A_d01_121112_122652.d100.x.wav,B,10.1568323,51.75621118,31647.2213,31664.94519
./audio/DCPP01A_d01_121112_122652.d100.x.wav,B,24.16925466,50.88043478,31667.07591,31688.16122
./audio/DCPP01A_d01_121112_122652.d100.x.wav,D,46.0636646,79.7810559,31706.86298,31710.95781
./audio/DCPP01A_d01_121112_122652.d100.x.wav,B,24.16925466,52.63198758,31719.32244,31739.24654
./audio/DCPP01A_d01_121112_122652.d100.x.wav,A,76.71583851,91.60403727,31767.34354,31787.45098
./audio/DCPP01A_d01_121112_122652.d100.x.wav,D,45.6257764,75.84006211,31771.44674,31774.07477
./audio/DCPP01A_d01_121112_122652.d100.x.wav,B,9.718944099,54.38354037,31816.89256,31835.1665
./audio/DCPP01A_d01_121112_122652.d100.x.wav,B,25.92080745,52.19409938,31872.98945,31893.70807
./audio/DCPP01A_d01_121112_122652.d100.x.wav,A,77.59161491,92.91770186,31906.7787,31924.31924
./audio/DCPP01A_d01_121112_122652.d100.x.wav,B,16.28726708,67.08229814,31954.92203,31972.27922
./audio/DCPP01A_d01_121112_122652.d100.x.wav,B,26.79658385,51.31832298,31976.61014,31997.02317
./audio/DCPP01A_d01_121112_122652.d100.x.wav,A,77.15372671,93.35559006,32027.5121,32046.94726
./audio/DCPP01A_d01_121112_122652.d100.x.wav,B,13.65993789,68.83385093,32074.18863,32092.27922
./audio/DCPP01A_d01_121112_122652.d100.x.wav,B,38.61956522,50.44254658,32090.56794,32111.04209
./audio/DCPP01A_d01_121112_122652.d100.x.wav,B,26.35869565,51.31832298,32142.50052,32162.79132
./audio/DCPP01A_d01_121112_122652.d100.x.wav,A,78.02950311,89.85248447,32189.7271,32207.8788
./audio/DCPP01A_d01_121112_122652.d100.x.wav,B,11.47049689,54.82142857,32238.48159,32256.08325
./audio/DCPP01A_d01_121112_122652.d100.x.wav,B,26.79658385,50.44254658,32246.42679,32266.83982
./audio/DCPP01A_d01_121112_122652.d100.x.wav,A,79.7810559,91.16614907,32312.17177,32331.118
./audio/DCPP01A_d01_121112_122652.d100.x.wav,B,14.09782609,51.31832298,32360.49845,32377.85564
./audio/DCPP01A_d01_121112_122652.d100.x.wav,D,35.11645963,78.02950311,32368.32141,32371.37725
./audio/DCPP01A_d01_121112_122652.d100.x.wav,A,72.33695652,88.97670807,32431.1939,32447.69545
./audio/DCPP01A_d01_121112_122652.d100.x.wav,B,11.0326087,51.75621118,32478.66495,32497.85564
./audio/DCPP01A_d01_121112_122652.d100.x.wav,B,24.16925466,49.56677019,32497.67229,32514.47942
./audio/DCPP01A_d01_121112_122652.d100.x.wav,B,11.0326087,53.06987578,32525.34985,32546.43516
./audio/DCPP01A_d01_121112_122652.d100.x.wav,B,24.60714286,52.63198758,32578.01582,32599.04002
./audio/DCPP01A_d01_121112_122652.d100.x.wav,B,24.60714286,53.94565217,32630.3151,32648.22234
./audio/DCPP01A_d01_121112_122652.d100.x.wav,D,40.37111801,77.59161491,32634.10435,32638.13806
./audio/DCPP01A_d01_121112_122652.d100.x.wav,A,74.52639752,88.10093168,32651.27818,32671.20228
./audio/DCPP01A_d01_121112_122652.d100.x.wav,B,21.54192547,53.06987578,32680.36143,32700.34664
./audio/DCPP01A_d01_121112_122652.d100.x.wav,B,11.90838509,52.63198758,32700.15491,32717.75657
./audio/DCPP01A_d01_121112_122652.d100.x.wav,A,74.08850932,88.10093168,32779.03165,32796.51107
./audio/DCPP01A_d01_121112_122652.d100.x.wav,20Hz,12.34627329,24.16925466,32822.47735,32824.18863
./audio/DCPP01A_d01_121112_122652.d100.x.wav,B,11.90838509,52.19409938,32825.96102,32843.50155
./audio/DCPP01A_d01_121112_122652.d100.x.wav,20Hz,12.34627329,26.79658385,32857.68066,32859.88087
./audio/DCPP01A_d01_121112_122652.d100.x.wav,20Hz,13.22204969,25.48291925,32893.59225,32895.48687
./audio/DCPP01A_d01_121112_122652.d100.x.wav,B,39.49534161,48.69099379,32909.48263,32922.31717
./audio/DCPP01A_d01_121112_122652.d100.x.wav,20Hz,17.60093168,28.98602484,32910.15491,32911.98842
./audio/DCPP01A_d01_121112_122652.d100.x.wav,20Hz,12.78416149,25.92080745,32929.89566,32931.79028
./audio/DCPP01A_d01_121112_122652.d100.x.wav,20Hz,15.84937888,30.73757764,32946.76391,32948.35295
./audio/DCPP01A_d01_121112_122652.d100.x.wav,D,36.43012422,72.33695652,33663.33299,33667.42782
./audio/DCPP01A_d01_121112_122652.d100.x.wav,B,12.34627329,51.31832298,33692.47736,33708.85667
./audio/DCPP01A_d01_121112_122652.d100.x.wav,D,32.48913043,74.96428571,33713.13485,33716.43516
./audio/DCPP01A_d01_121112_122652.d100.x.wav,40Hz,44.3121118,74.52639752,33730.66701,33732.37829
./audio/DCPP01A_d01_121112_122652.d100.x.wav,D,32.92701863,71.02329193,33767.5121,33770.44571
./audio/DCPP01A_d01_121112_122652.d100.x.wav,A,76.27795031,88.97670807,33773.3182,33789.6364
./audio/DCPP01A_d01_121112_122652.d100.x.wav,20Hz,17.16304348,34.24068323,33793.53951,33794.94519
./audio/DCPP01A_d01_121112_122652.d100.x.wav,20Hz,13.22204969,27.23447205,33814.68594,33816.76391
./audio/DCPP01A_d01_121112_122652.d100.x.wav,B,12.34627329,53.94565217,33822.86722,33834.60166
./audio/DCPP01A_d01_121112_122652.d100.x.wav,D,34.67857143,78.4673913,33863.37932,33867.10745
./audio/DCPP01A_d01_121112_122652.d100.x.wav,D,31.17546584,63.14130435,33894.60166,33898.3909
./audio/DCPP01A_d01_121112_122652.d100.x.wav,20Hz,16.72515528,30.29968944,33907.73341,33909.75026
./audio/DCPP01A_d01_121112_122652.d100.x.wav,20Hz,15.41149068,25.92080745,33928.38253,33930.4605
./audio/DCPP01A_d01_121112_122652.d100.x.wav,D,39.93322981,76.71583851,33942.85884,33946.40362
./audio/DCPP01A_d01_121112_122652.d100.x.wav,20Hz,17.60093168,29.86180124,33944.94519,33946.71758
./audio/DCPP01A_d01_121112_122652.d100.x.wav,20Hz,14.09782609,25.92080745,33964.86929,33966.76391
./audio/DCPP01A_d01_121112_122652.d100.x.wav,D,42.56055901,73.65062112,33968.35295,33972.08108
./audio/DCPP01A_d01_121112_122652.d100.x.wav,20Hz,15.84937888,32.05124224,33981.72917,33983.50155
./audio/DCPP01A_d01_121112_122652.d100.x.wav,D,48.25310559,75.84006211,33987.53527,33991.20228
./audio/DCPP01A_d01_121112_122652.d100.x.wav,20Hz,14.53571429,25.92080745,34002.56164,34004.51738
./audio/DCPP01A_d01_121112_122652.d100.x.wav,D,45.6257764,69.27173913,34008.48997,34012.03475
./audio/DCPP01A_d01_121112_122652.d100.x.wav,A,74.52639752,89.85248447,34013.50155,34030.67539
./audio/DCPP01A_d01_121112_122652.d100.x.wav,20Hz,18.47670807,27.67236025,34019.55212,34021.20228
./audio/DCPP01A_d01_121112_122652.d100.x.wav,D,42.12267081,71.89906832,34030.72813,34034.45626
./audio/DCPP01A_d01_121112_122652.d100.x.wav,20Hz,14.09782609,25.92080745,34039.83454,34041.66805
./audio/DCPP01A_d01_121112_122652.d100.x.wav,20Hz,15.84937888,29.86180124,34056.33609,34058.35295
./audio/DCPP01A_d01_121112_122652.d100.x.wav,B,11.47049689,52.19409938,34062.86722,34079.67436
./audio/DCPP01A_d01_121112_122652.d100.x.wav,20Hz,17.16304348,29.86180124,34092.25605,34094.08956
./audio/DCPP01A_d01_121112_122652.d100.x.wav,20Hz,14.53571429,28.11024845,34111.75233,34114.197
./audio/DCPP01A_d01_121112_122652.d100.x.wav,20Hz,15.84937888,28.98602484,34129.52896,34131.4847
./audio/DCPP01A_d01_121112_122652.d100.x.wav,A,77.15372671,89.41459627,34143.14964,34160.81241
./audio/DCPP01A_d01_121112_122652.d100.x.wav,20Hz,14.53571429,28.54813665,34149.93361,34151.88935
./audio/DCPP01A_d01_121112_122652.d100.x.wav,20Hz,16.72515528,30.73757764,34166.80186,34168.81872
./audio/DCPP01A_d01_121112_122652.d100.x.wav,D,39.49534161,68.83385093,34167.96308,34171.69121
./audio/DCPP01A_d01_121112_122652.d100.x.wav,20Hz,13.22204969,25.48291925,34187.32875,34189.59008
./audio/DCPP01A_d01_121112_122652.d100.x.wav,B,11.47049689,52.19409938,34192.82927,34209.51417
./audio/DCPP01A_d01_121112_122652.d100.x.wav,20Hz,18.03881988,30.73757764,34204.62482,34206.51944
./audio/DCPP01A_d01_121112_122652.d100.x.wav,20Hz,15.41149068,26.79658385,34224.71551,34226.67125
./audio/DCPP01A_d01_121112_122652.d100.x.wav,20Hz,16.72515528,28.98602484,34241.95047,34243.47839
./audio/DCPP01A_d01_121112_122652.d100.x.wav,20Hz,14.09782609,26.79658385,34261.81345,34263.58584
./audio/DCPP01A_d01_121112_122652.d100.x.wav,A,75.84006211,90.72826087,34271.52265,34288.57425
./audio/DCPP01A_d01_121112_122652.d100.x.wav,20Hz,16.72515528,28.98602484,34278.85667,34280.7513
./audio/DCPP01A_d01_121112_122652.d100.x.wav,20Hz,12.78416149,26.79658385,34300.42255,34302.25605
./audio/DCPP01A_d01_121112_122652.d100.x.wav,20Hz,16.72515528,30.29968944,34317.6575,34319.55212
./audio/DCPP01A_d01_121112_122652.d100.x.wav,B,11.47049689,52.63198758,34321.5606,34339.46784
./audio/DCPP01A_d01_121112_122652.d100.x.wav,20Hz,14.09782609,25.48291925,34338.42886,34340.07901
./audio/DCPP01A_d01_121112_122652.d100.x.wav,20Hz,16.28726708,30.29968944,34354.50259,34356.64168
./audio/DCPP01A_d01_121112_122652.d100.x.wav,A,75.84006211,89.85248447,39289.27084,39306.99473
./audio/DCPP01A_d01_121112_122652.d100.x.wav,B,11.47049689,51.75621118,39339.06432,39357.15491
./audio/DCPP01A_d01_121112_122652.d100.x.wav,A,76.71583851,90.29037267,39477.8272,39492.49524
./audio/DCPP01A_d01_121112_122652.d100.x.wav,B,14.53571429,53.94565217,39524.8788,39542.35822
./audio/DCPP01A_d01_121112_122652.d100.x.wav,A,76.64130435,86.95807453,140449.7468,140464.5986
./audio/DCPP01A_d01_121112_122652.d100.x.wav,20Hz,17.55434783,32.09161491,140456.4976,140458.2774
./audio/DCPP01A_d01_121112_122652.d100.x.wav,B,24.11956522,54.13198758,140498.5876,140515.7101
./audio/DCPP01A_d01_121112_122652.d100.x.wav,20Hz,18.02329193,32.09161491,140528.3422,140530.1219
./audio/DCPP01A_d01_121112_122652.d100.x.wav,20Hz,15.20962733,33.4984472,140564.6531,140567.3534
./audio/DCPP01A_d01_121112_122652.d100.x.wav,B,37.7189441,50.84937888,140582.6961,140609.8219
./audio/DCPP01A_d01_121112_122652.d100.x.wav,20Hz,17.08540373,29.74689441,140600.1867,140602.5802
./audio/DCPP01A_d01_121112_122652.d100.x.wav,B,35.3742236,50.38043478,140632.9995,140646.3169
./audio/DCPP01A_d01_121112_122652.d100.x.wav,20Hz,16.14751553,33.4984472,140636.9989,140638.9627
./audio/DCPP01A_d01_121112_122652.d100.x.wav,A,76.64130435,86.02018634,140641.1004,140655.2157
./audio/DCPP01A_d01_121112_122652.d100.x.wav,20Hz,18.49223602,30.21583851,140671.7141,140673.3098
./audio/DCPP01A_d01_121112_122652.d100.x.wav,B,20.36801242,52.72515528,140681.7176,140706.6341
./audio/DCPP01A_d01_121112_122652.d100.x.wav,B,32.56055901,51.78726708,140714.6531,140729.4434
./audio/DCPP01A_d01_121112_122652.d100.x.wav,B,11.92701863,50.38043478,140732.3892,140748.407
./audio/DCPP01A_d01_121112_122652.d100.x.wav,20Hz,16.72515528,29.86180124,140830.9547,140832.6049
./audio/DCPP01A_d01_121112_122652.d100.x.wav,A,76.17236025,91.64751553,140845.3316,140864.7861
./audio/DCPP01A_d01_121112_122652.d100.x.wav,20Hz,17.08540373,32.56055901,140866.4431,140868.5911
./audio/DCPP01A_d01_121112_122652.d100.x.wav,B,13.33385093,51.78726708,140899.6855,140917.7285
./audio/DCPP01A_d01_121112_122652.d100.x.wav,20Hz,18.03881988,29.86180124,140903.8504,140905.1949
./audio/DCPP01A_d01_121112_122652.d100.x.wav,B,14.74068323,53.66304348,140934.3496,140960.1867
./audio/DCPP01A_d01_121112_122652.d100.x.wav,B,12.86490683,51.31832298,140999.6889,141018.1615
./audio/DCPP01A_d01_121112_122652.d100.x.wav,20Hz,15.67857143,30.21583851,141015.8294,141017.5478
./audio/DCPP01A_d01_121112_122652.d100.x.wav,B,12.86490683,51.31832298,141048.5194,141062.3892
./audio/DCPP01A_d01_121112_122652.d100.x.wav,20Hz,15.67857143,29.27795031,141053.245,141055.1475
./audio/DCPP01A_d01_121112_122652.d100.x.wav,20Hz,17.08540373,31.62267081,141089.3923,141091.3562
./audio/DCPP01A_d01_121112_122652.d100.x.wav,40Hz,48.97360248,99.15062112,141147.0602,141149.3923
./audio/DCPP01A_d01_121112_122652.d100.x.wav,B,9.113354037,56.00776398,141168.2126,141185.5805
./audio/DCPP01A_d01_121112_122652.d100.x.wav,B,36.3121118,49.44254658,141309.4468,141323.6848
./audio/DCPP01A_d01_121112_122652.d100.x.wav,B,9.113354037,53.66304348,141424.169,141443.1939
./audio/DCPP01A_d01_121112_122652.d100.x.wav,B,11.92701863,52.72515528,141500.1764,141516.8079
./audio/DCPP01A_d01_121112_122652.d100.x.wav,B,34.9052795,51.31832298,141542.3892,141556.5045
./audio/DCPP01A_d01_121112_122652.d100.x.wav,B,19.43012422,52.72515528,141668.8331,141687.7353
./audio/DCPP01A_d01_121112_122652.d100.x.wav,B,22.24378882,51.31832298,141765.8805,141782.8802
./audio/DCPP01A_d01_121112_122652.d100.x.wav,B,33.02950311,51.31832298,141792.6381,141808.7786
./audio/DCPP01A_d01_121112_122652.d100.x.wav,B,18.02329193,52.72515528,141873.678,141890.5549
./audio/DCPP01A_d01_121112_122652.d100.x.wav,B,26.93322981,53.19409938,141891.7721,141909.2014
./audio/DCPP01A_d01_121112_122652.d100.x.wav,A,72.42080745,87.42701863,141964.4144,141982.2733
./audio/DCPP01A_d01_121112_122652.d100.x.wav,B,35.8431677,53.19409938,142006.0032,142026.992
./audio/DCPP01A_d01_121112_122652.d100.x.wav,B,11.45807453,54.60093168,142130.5447,142148.0967
./audio/DCPP01A_d01_121112_122652.d100.x.wav,B,38.1878882,50.84937888,142258.707,142272.8222
./audio/DCPP01A_d01_121112_122652.d100.x.wav,B,11.45807453,51.31832298,142275.5839,142292.7677
./audio/DCPP01A_d01_121112_122652.d100.x.wav,B,38.1878882,50.38043478,142375.2702,142385.7646
./audio/DCPP01A_d01_121112_122652.d100.x.wav,B,10.98913043,53.66304348,142388.3422,142406.8761
./audio/DCPP01A_d01_121112_122652.d100.x.wav,A,74.29658385,88.36490683,142408.5229,142425.9521
./audio/DCPP01A_d01_121112_122652.d100.x.wav,B,12.39596273,52.25621118,142457.783,142475.2123
./audio/DCPP01A_d01_121112_122652.d100.x.wav,B,23.18167702,51.78726708,142592.5119,142609.1434
./audio/DCPP01A_d01_121112_122652.d100.x.wav,B,35.3742236,50.38043478,142854.4724,142870.6129
./audio/DCPP01A_d01_121112_122652.d100.x.wav,A,77.15372671,91.16614907,142952.8272,142971.9568
./audio/DCPP01A_d01_121112_122652.d100.x.wav,B,10.98913043,51.78726708,142988.5263,143006.0783
./audio/DCPP01A_d01_121112_122652.d100.x.wav,B,11.92701863,51.78726708,143002.8767,143021.4107
./audio/DCPP01A_d01_121112_122652.d100.x.wav,B,22.71273292,53.66304348,143066.4976,143085.0929
./audio/DCPP01A_d01_121112_122652.d100.x.wav,B,11.45807453,52.72515528,143123.0609,143138.8945
./audio/DCPP01A_d01_121112_122652.d100.x.wav,B,19.43012422,51.31832298,143196.2556,143216.0169
./audio/DCPP01A_d01_121112_122652.d100.x.wav,B,38.1878882,52.72515528,143273.1836,143285.0895
./audio/DCPP01A_d01_121112_122652.d100.x.wav,B,19.89906832,54.60093168,143326.9852,143343.187
./audio/DCPP01A_d01_121112_122652.d100.x.wav,B,22.24378882,52.25621118,143346.1328,143366.1397
./audio/DCPP01A_d01_121112_122652.d100.x.wav,B,38.6568323,52.72515528,143379.5696,143393.378
./audio/DCPP01A_d01_121112_122652.d100.x.wav,B,34.9052795,52.25621118,143464.3531,143482.5802
./audio/DCPP01A_d01_121112_122652.d100.x.wav,B,10.98913043,55.06987578,143580.5481,143598.7752
./audio/DCPP01A_d01_121112_122652.d100.x.wav,B,10.98913043,56.47670807,143628.949,143649.3855
./audio/DCPP01A_d01_121112_122652.d100.x.wav,B,35.8431677,52.72515528,143669.382,143678.7718
./audio/DCPP01A_d01_121112_122652.d100.x.wav,B,10.98913043,53.19409938,143679.3855,143697.8581
./audio/DCPP01A_d01_121112_122652.d100.x.wav,B,9.582298137,52.25621118,143728.8911,143749.2662
./audio/DCPP01A_d01_121112_122652.d100.x.wav,A,77.15372671,88.97670807,143753.9811,143772.744
./audio/DCPP01A_d01_121112_122652.d100.x.wav,B,11.45807453,56.47670807,143778.1512,143795.8873
./audio/DCPP01A_d01_121112_122652.d100.x.wav,B,14.27173913,50.38043478,143798.5877,143817.6126
./audio/DCPP01A_d01_121112_122652.d100.x.wav,B,11.45807453,49.44254658,143828.4035,143846.9375
./audio/DCPP01A_d01_121112_122652.d100.x.wav,B,33.9673913,49.91149068,143878.7683,143894.3565
./audio/DCPP01A_d01_121112_122652.d100.x.wav,B,25.05745342,51.31832298,143938.8911,143956.0135
./audio/DCPP01A_d01_121112_122652.d100.x.wav,A,75.23447205,89.30279503,143982.0755,144001.0391
./audio/DCPP01A_d01_121112_122652.d100.x.wav,B,11.45807453,67.73136646,144032.6347,144052.0278
./audio/DCPP01A_d01_121112_122652.d100.x.wav,B,23.65062112,52.72515528,144052.9381,144075.1543
./audio/DCPP01A_d01_121112_122652.d100.x.wav,B,24.11956522,53.19409938,144106.7397,144133.3746
./audio/DCPP01A_d01_121112_122652.d100.x.wav,B,13.33385093,50.84937888,144175.3316,144199.5116
./audio/DCPP01A_d01_121112_122652.d100.x.wav,B,13.33385093,53.66304348,144217.0534,144238.0422
./audio/DCPP01A_d01_121112_122652.d100.x.wav,B,9.582298137,52.25621118,144431.1549,144451.53
./audio/DCPP01A_d01_121112_122652.d100.x.wav,B,13.33385093,52.72515528,144458.0967,144477.5512
./audio/DCPP01A_d01_121112_122652.d100.x.wav,B,12.86490683,51.78726708,144677.5375,144692.4506
./audio/DCPP01A_d01_121112_122652.d100.x.wav,B,18.49223602,53.19409938,144703.8655,144721.9699
./audio/DCPP01A_d01_121112_122652.d100.x.wav,B,23.18167702,52.25621118,144830.606,144849.5082
./audio/DCPP01A_d01_121112_122652.d100.x.wav,B,23.18167702,53.19409938,144897.2954,144917.425
./audio/DCPP01A_d01_121112_122652.d100.x.wav,B,10.52018634,56.00776398,144963.3711,144983.5007
./audio/DCPP01A_d01_121112_122652.d100.x.wav,B,23.18167702,50.84937888,145024.2917,145041.1686
./audio/DCPP01A_d01_121112_122652.d100.x.wav,B,10.52018634,52.72515528,145089.4468,145107.4285
./audio/DCPP01A_d01_121112_122652.d100.x.wav,B,14.27173913,51.31832298,145158.2126,145183.6814
./audio/DCPP01A_d01_121112_122652.d100.x.wav,B,11.45807453,51.31832298,145200.1799,145217.3023
./audio/DCPP01A_d01_121112_122652.d100.x.wav,B,13.22204969,51.31832298,145302.5427,145320.5111
./audio/DCPP01A_d01_121112_122652.d100.x.wav,B,36.3121118,52.25621118,145321.0391,145335.2157
./audio/DCPP01A_d01_121112_122652.d100.x.wav,B,11.92701863,53.19409938,145393.7325,145409.9958
./audio/DCPP01A_d01_121112_122652.d100.x.wav,D,39.93322981,72.33695652,145407.079,145410.746
./audio/DCPP01A_d01_121112_122652.d100.x.wav,D,35.8431677,71.95186335,145526.068,145530.9163
./audio/DCPP01A_d01_121112_122652.d100.x.wav,B,20.36801242,51.31832298,145527.2341,145544.9088
./audio/DCPP01A_d01_121112_122652.d100.x.wav,A,77.11024845,90.70962733,145540.306,145556.201
./audio/DCPP01A_d01_121112_122652.d100.x.wav,B,37.25,51.31832298,145590.6708,145609.9412
./audio/DCPP01A_d01_121112_122652.d100.x.wav,A,73.82763975,86.95807453,145630.2344,145648.6456
./audio/DCPP01A_d01_121112_122652.d100.x.wav,B,35.8431677,49.91149068,145656.5624,145679.2696
./audio/DCPP01A_d01_121112_122652.d100.x.wav,D,32.56055901,68.20031056,145677.9808,145682.0313
./audio/DCPP01A_d01_121112_122652.d100.x.wav,B,37.7189441,51.78726708,145702.263,145720.9197
./audio/DCPP01A_d01_121112_122652.d100.x.wav,D,42.40838509,74.76552795,145728.6525,145732.5188
./audio/DCPP01A_d01_121112_122652.d100.x.wav,D,41.0015528,71.95186335,145756.0646,145759.9923
./audio/DCPP01A_d01_121112_122652.d100.x.wav,A,77.57919255,92.11645963,145757.4148,145772.6347
./audio/DCPP01A_d01_121112_122652.d100.x.wav,B,37.7189441,50.84937888,145793.9917,145805.7135
./audio/DCPP01A_d01_121112_122652.d100.x.wav,B,37.7189441,53.66304348,145818.3353,145841.7789
./audio/DCPP01A_d01_121112_122652.d100.x.wav,B,36.7810559,53.19409938,145866.6852,145886.3238
./audio/DCPP01A_d01_121112_122652.d100.x.wav,A,74.29658385,90.70962733,145901.5845,145921.2845
./audio/DCPP01A_d01_121112_122652.d100.x.wav,A,74.76552795,89.77173913,145925.9487,145942.7643
./audio/DCPP01A_d01_121112_122652.d100.x.wav,B,13.80279503,66.79347826,145951.4686,145969.7571
./audio/DCPP01A_d01_121112_122652.d100.x.wav,B,22.71273292,54.13198758,145968.6422,145986.992
./audio/DCPP01A_d01_121112_122652.d100.x.wav,B,9.113354037,53.19409938,146092.8767,146117.9774
./audio/DCPP01A_d01_121112_122652.d100.x.wav,B,28.34006211,52.25621118,146212.754,146235.2771
./audio/DCPP01A_d01_121112_122652.d100.x.wav,A,74.76552795,87.89596273,146225.3964,146245.035
./audio/DCPP01A_d01_121112_122652.d100.x.wav,D,38.1878882,69.13819876,146235.6453,146239.6344
./audio/DCPP01A_d01_121112_122652.d100.x.wav,B,25.05745342,51.31832298,146240.2481,146256.7568
./audio/DCPP01A_d01_121112_122652.d100.x.wav,B,20.83695652,54.13198758,146335.8839,146354.1724
./audio/DCPP01A_d01_121112_122652.d100.x.wav,B,12.39596273,52.25621118,146354.6634,146373.811
./audio/DCPP01A_d01_121112_122652.d100.x.wav,B,10.05124224,54.13198758,146533.3029,146552.2051
./audio/DCPP01A_d01_121112_122652.d100.x.wav,B,22.24378882,52.25621118,146627.9057,146645.1509
./audio/DCPP01A_d01_121112_122652.d100.x.wav,B,34.9052795,53.19409938,146666.4363,146683.6201
./audio/DCPP01A_d01_121112_122652.d100.x.wav,A,77.15372671,86.34937888,146735.2266,146753.1338
./audio/DCPP01A_d01_121112_122652.d100.x.wav,B,24.11956522,53.19409938,146747.7319,146764.6088
./audio/DCPP01A_d01_121112_122652.d100.x.wav,D,32.05124224,73.21273292,146754.9062,146758.5121
./audio/DCPP01A_d01_121112_122652.d100.x.wav,B,25.99534161,52.25621118,146882.8802,146901.1073
./audio/DCPP01A_d01_121112_122652.d100.x.wav,B,25.99534161,52.25621118,146929.6241,146948.4649
./audio/DCPP01A_d01_121112_122652.d100.x.wav,A,75.84006211,86.34937888,146937.8841,146956.0358
./audio/DCPP01A_d01_121112_122652.d100.x.wav,B,25.99534161,53.19409938,146988.7035,147003.8007
./audio/DCPP01A_d01_121112_122652.d100.x.wav,D,39.93322981,74.08850932,147085.2919,147087.6755
./audio/DCPP01A_d01_121112_122652.d100.x.wav,D,25.48291925,60.07608696,147091.098,147094.5206
./audio/DCPP01A_d01_121112_122652.d100.x.wav,D,46.93944099,82.84627329,147109.4942,147112.1834
./audio/DCPP01A_d01_121112_122652.d100.x.wav,B,19.43012422,52.72515528,147111.7721,147129.8764
./audio/DCPP01A_d01_121112_122652.d100.x.wav,B,10.98913043,50.38043478,147132.0858,147151.0493
./audio/DCPP01A_d01_121112_122652.d100.x.wav,B,19.43012422,50.84937888,147231.8948,147251.963
./audio/DCPP01A_d01_121112_122652.d100.x.wav,D,29.42391304,64.45496894,147249.7239,147255.4078
./audio/DCPP01A_d01_121112_122652.d100.x.wav,D,41.68478261,95.98291925,147283.5048,147286.9884
./audio/DCPP01A_d01_121112_122652.d100.x.wav,B,25.05745342,52.72515528,147360.5481,147378.7138
./audio/DCPP01A_d01_121112_122652.d100.x.wav,A,77.15372671,86.34937888,147366.4763,147384.9336
./audio/DCPP01A_d01_121112_122652.d100.x.wav,D,46.5015528,90.29037267,147407.5385,147410.8388
./audio/DCPP01A_d01_121112_122652.d100.x.wav,B,36.3121118,50.84937888,147440.7288,147462.5154
./audio/DCPP01A_d01_121112_122652.d100.x.wav,B,24.11956522,52.25621118,147491.5845,147511.3459
./audio/DCPP01A_d01_121112_122652.d100.x.wav,B,34.9052795,53.19409938,147511.5914,147525.5839
./audio/DCPP01A_d01_121112_122652.d100.x.wav,B,40.0636646,50.38043478,147622.3244,147635.826
./audio/DCPP01A_d01_121112_122652.d100.x.wav,B,25.52639752,53.19409938,147679.1945,147700.4901
./audio/DCPP01A_d01_121112_122652.d100.x.wav,B,24.58850932,51.78726708,147808.707,147825.2157
./audio/DCPP01A_d01_121112_122652.d100.x.wav,B,20.36801242,51.78726708,147906.0715,147930.4356
./audio/DCPP01A_d01_121112_122652.d100.x.wav,B,22.24378882,52.72515528,147942.8222,147960.006
./audio/DCPP01A_d01_121112_122652.d100.x.wav,B,37.25,49.44254658,148047.5409,148064.4179
./audio/DCPP01A_d01_121112_122652.d100.x.wav,B,23.18167702,50.84937888,148077.2954,148095.2771
./audio/DCPP01A_d01_121112_122652.d100.x.wav,A,75.84006211,89.41459627,148155.7208,148172.1001
./audio/DCPP01A_d01_121112_122652.d100.x.wav,B,23.65062112,55.06987578,148170.7322,148188.407
./audio/DCPP01A_d01_121112_122652.d100.x.wav,D,29.42391304,72.77484472,148187.0737,148191.7797
./audio/DCPP01A_d01_121112_122652.d100.x.wav,B,10.98913043,53.19409938,148532.1437,148549.2048
./audio/DCPP01A_d01_121112_122652.d100.x.wav,B,10.98913043,51.31832298,182794.5914,182812.6957
./audio/DCPP01A_d01_121112_122652.d100.x.wav,D,32.56055901,74.76552795,182839.1976,182844.23
./audio/DCPP01A_d01_121112_122652.d100.x.wav,B,38.1878882,51.78726708,182928.3895,182943.0571
./audio/DCPP01A_d01_121112_122652.d100.x.wav,B,38.1878882,49.91149068,183047.2848,183059.6204
./audio/DCPP01A_d01_121112_122652.d100.x.wav,B,37.7189441,51.78726708,183444.2811,183456.678
./audio/DCPP01A_d01_121112_122652.d100.x.wav,D,40.0636646,82.73757764,183454.4686,183458.5805
./audio/DCPP01A_d01_121112_122652.d100.x.wav,B,39.5947205,52.72515528,183479.5079,183491.0456
./audio/DCPP01A_d01_121112_122652.d100.x.wav,D,24.58850932,62.57298137,183493.0605,183497.8475
./audio/DCPP01A_d01_121112_122652.d100.x.wav,D,41.0015528,73.82763975,183510.8581,183515.154
./audio/DCPP01A_d01_121112_122652.d100.x.wav,B,12.86490683,50.84937888,183573.7936,183594.721
./audio/DCPP01A_d01_121112_122652.d100.x.wav,D,39.49534161,79.3431677,183574.0611,183577.5448
./audio/DCPP01A_d01_121112_122652.d100.x.wav,D,26.93322981,77.57919255,183606.3814,183611.107
./audio/DCPP01A_d01_121112_122652.d100.x.wav,B,38.1878882,51.31832298,183628.7612,183647.5406
./audio/DCPP01A_d01_121112_122652.d100.x.wav,D,41.0015528,70.54503106,183653.6163,183657.6668
./audio/DCPP01A_d01_121112_122652.d100.x.wav,B,23.65062112,52.25621118,183675.8222,183692.7605
./audio/DCPP01A_d01_121112_122652.d100.x.wav,D,37.25,71.95186335,183685.3961,183689.3238
./audio/DCPP01A_d01_121112_122652.d100.x.wav,A,76.64130435,88.83385093,183715.3858,183730.6057
./audio/DCPP01A_d01_121112_122652.d100.x.wav,D,33.02950311,68.20031056,183720.7864,183725.5733
./audio/DCPP01A_d01_121112_122652.d100.x.wav,D,31.62267081,63.97981366,183760.3602,183764.288
./audio/DCPP01A_d01_121112_122652.d100.x.wav,B,23.65062112,54.60093168,183764.2266,183783.1288
./audio/DCPP01A_d01_121112_122652.d100.x.wav,B,11.45807453,50.38043478,183783.364,183800.3637
./audio/DCPP01A_d01_121112_122652.d100.x.wav,B,24.58850932,51.31832298,183819.3169,183837.8509
./audio/DCPP01A_d01_121112_122652.d100.x.wav,D,41.0015528,82.73757764,183823.306,183827.7861
./audio/DCPP01A_d01_121112_122652.d100.x.wav,D,40.0636646,74.76552795,183861.5297,183865.2119
./audio/DCPP01A_d01_121112_122652.d100.x.wav,B,24.11956522,50.38043478,183915.6892,183931.707
./audio/DCPP01A_d01_121112_122652.d100.x.wav,B,25.52639752,49.91149068,183934.1004,183951.8366
./audio/DCPP01A_d01_121112_122652.d100.x.wav,B,23.65062112,54.13198758,183955.0892,183972.5799
./audio/DCPP01A_d01_121112_122652.d100.x.wav,A,75.23447205,88.36490683,183997.9054,184013.4936
./audio/DCPP01A_d01_121112_122652.d100.x.wav,B,25.52639752,52.25621118,184048.3316,184064.5948
./audio/DCPP01A_d01_121112_122652.d100.x.wav,B,25.05745342,53.19409938,184080.9705,184097.8475
./audio/DCPP01A_d01_121112_122652.d100.x.wav,A,78.04813665,87.42701863,184131.3967,184147.4758
./audio/DCPP01A_d01_121112_122652.d100.x.wav,B,26.46428571,51.31832298,184181.5263,184198.3419
./audio/DCPP01A_d01_121112_122652.d100.x.wav,B,25.99534161,54.60093168,184218.5839,184236.8724
./audio/DCPP01A_d01_121112_122652.d100.x.wav,B,28.80900621,51.78726708,184350.05,184365.6995
./audio/DCPP01A_d01_121112_122652.d100.x.wav,B,37.25,49.91149068,184480.2375,184497.4827
./audio/DCPP01A_d01_121112_122652.d100.x.wav,A,77.11024845,88.36490683,184562.6275,184580.7933
./audio/DCPP01A_d01_121112_122652.d100.x.wav,B,35.3742236,54.60093168,184612.5014,184631.1581
./audio/DCPP01A_d01_121112_122652.d100.x.wav,B,36.7810559,52.72515528,184745.5119,184764.9051
./audio/DCPP01A_d01_121112_122652.d100.x.wav,B,33.9673913,50.84937888,184871.0353,184891.7786
./audio/DCPP01A_d01_121112_122652.d100.x.wav,B,37.7189441,52.25621118,184999.3204,185016.2587
./audio/DCPP01A_d01_121112_122652.d100.x.wav,B,23.65062112,51.78726708,185055.4437,185072.9958
./audio/DCPP01A_d01_121112_122652.d100.x.wav,D,35.3742236,71.48291925,185066.6132,185069.6204
./audio/DCPP01A_d01_121112_122652.d100.x.wav,A,77.11024845,87.42701863,185080.9126,185096.4394
./audio/DCPP01A_d01_121112_122652.d100.x.wav,B,26.46428571,53.66304348,185228.9487,185246.8076
./audio/DCPP01A_d01_121112_122652.d100.x.wav,B,23.65062112,50.38043478,185341.2774,185361.4683
./audio/DCPP01A_d01_121112_122652.d100.x.wav,A,78.04813665,87.89596273,185463.6095,185481.2229
./audio/DCPP01A_d01_121112_122652.d100.x.wav,B,38.6568323,51.78726708,185474.0425,185491.1649
./audio/DCPP01A_d01_121112_122652.d100.x.wav,D,34.67857143,77.15372671,185576.4089,185580.4426
./audio/DCPP01A_d01_121112_122652.d100.x.wav,B,25.05745342,52.72515528,185599.6272,185617.4247
./audio/DCPP01A_d01_121112_122652.d100.x.wav,B,24.58850932,51.31832298,185643.4253,185660.7933
./audio/DCPP01A_d01_121112_122652.d100.x.wav,A,74.76552795,90.24068323,185721.0898,185736.187
./audio/DCPP01A_d01_121112_122652.d100.x.wav,B,23.18167702,52.25621118,185723.2992,185744.3493
./audio/DCPP01A_d01_121112_122652.d100.x.wav,20Hz,17.55434783,32.56055901,185737.7827,185739.5624
./audio/DCPP01A_d01_121112_122652.d100.x.wav,B,25.05745342,53.19409938,185770.5443,185787.9736
./audio/DCPP01A_d01_121112_122652.d100.x.wav,A,76.64130435,88.36490683,185846.9814,185863.7356
./audio/DCPP01A_d01_121112_122652.d100.x.wav,A,76.64130435,89.77173913,185880.9091,185897.3565
./audio/DCPP01A_d01_121112_122652.d100.x.wav,B,23.18167702,55.06987578,185896.0677,185914.663
./audio/DCPP01A_d01_121112_122652.d100.x.wav,B,10.05124224,51.78726708,219347.6474,219364.5938
./audio/DCPP01A_d01_121112_122652.d100.x.wav,A,74.29658385,87.42701863,219427.9897,219445.6043
./audio/DCPP01A_d01_121112_122652.d100.x.wav,B,10.52018634,48.97360248,219476.1454,219494.9141
./audio/DCPP01A_d01_121112_122652.d100.x.wav,B,23.18167702,51.31832298,219549.0223,219562.7495
./audio/DCPP01A_d01_121112_122652.d100.x.wav,B,10.52018634,65.38664596,220759.7677,220777.9897
./audio/DCPP01A_d01_121112_122652.d100.x.wav,B,37.7189441,50.38043478,220794.9969,220809.8175
./audio/DCPP01A_d01_121112_122652.d100.x.wav,B,9.582298137,52.72515528,220885.2343,220904.1852
./audio/DCPP01A_d01_121112_122652.d100.x.wav,20Hz,16.14751553,30.21583851,220895.9246,220898.2934
./audio/DCPP01A_d01_121112_122652.d100.x.wav,B,31.62267081,51.78726708,220904.4889,220921.3139
./audio/DCPP01A_d01_121112_122652.d100.x.wav,20Hz,12.86490683,26.46428571,220917.5424,220919.1217
./audio/DCPP01A_d01_121112_122652.d100.x.wav,20Hz,17.08540373,30.21583851,220934.3674,220936.3718
./audio/DCPP01A_d01_121112_122652.d100.x.wav,B,12.39596273,51.78726708,220938.437,220958.6634
./audio/DCPP01A_d01_121112_122652.d100.x.wav,20Hz,14.53571429,26.35869565,220955.0143,220956.7255
./audio/DCPP01A_d01_121112_122652.d100.x.wav,20Hz,18.03881988,30.73757764,220971.5158,220973.6549
./audio/DCPP01A_d01_121112_122652.d100.x.wav,B,9.582298137,52.72515528,220981.4353,221002.8766
./audio/DCPP01A_d01_121112_122652.d100.x.wav,B,9.113354037,54.60093168,221060.1377,221079.1493
./audio/DCPP01A_d01_121112_122652.d100.x.wav,B,38.6568323,51.31832298,221147.6474,221164.776
./audio/DCPP01A_d01_121112_122652.d100.x.wav,B,10.98913043,54.60093168,221186.3332,221204.3122
./audio/DCPP01A_d01_121112_122652.d100.x.wav,A,75.23447205,88.83385093,221261.6341,221278.702
./audio/DCPP01A_d01_121112_122652.d100.x.wav,B,37.7189441,52.25621118,221271.231,221287.3271
./audio/DCPP01A_d01_121112_122652.d100.x.wav,A,74.29658385,87.42701863,221386.9792,221401.982
./audio/DCPP01A_d01_121112_122652.d100.x.wav,B,34.4363354,52.72515528,221400.5242,221418.1996
./audio/DCPP01A_d01_121112_122652.d100.x.wav,20Hz,16.14751553,32.56055901,221410.7893,221413.0974
./audio/DCPP01A_d01_121112_122652.d100.x.wav,B,31.15372671,52.25621118,221421.6562,221437.3879
./audio/DCPP01A_d01_121112_122652.d100.x.wav,B,10.52018634,54.60093168,221434.8368,221453.9091
./audio/DCPP01A_d01_121112_122652.d100.x.wav,B,30.68478261,52.72515528,221540.0162,221559.7567
./audio/DCPP01A_d01_121112_122652.d100.x.wav,20Hz,16.61645963,31.62267081,221608.702,221610.9494
./audio/DCPP01A_d01_121112_122652.d100.x.wav,B,8.644409938,52.25621118,221623.6385,221641.4961
./audio/DCPP01A_d01_121112_122652.d100.x.wav,20Hz,17.55434783,32.09161491,221646.8412,221649.0886
./audio/DCPP01A_d01_121112_122652.d100.x.wav,A,76.17236025,91.17857143,221650.9715,221668.9506
./audio/DCPP01A_d01_121112_122652.d100.x.wav,B,32.56055901,52.72515528,221654.0085,221673.0809
./audio/DCPP01A_d01_121112_122652.d100.x.wav,B,36.3121118,53.66304348,222608.9064,222626.8247
./audio/DCPP01A_d01_121112_122652.d100.x.wav,B,8.175465839,65.38664596,222705.9466,222725.5657
./audio/DCPP01A_d01_121112_122652.d100.x.wav,B,35.3742236,51.31832298,222726.0516,222747.5535
./audio/DCPP01A_d01_121112_122652.d100.x.wav,D,35.11645963,68.83385093,222757.97,222761.7593
./audio/DCPP01A_d01_121112_122652.d100.x.wav,A,76.64130435,87.89596273,222782.4072,222797.8959
./audio/DCPP01A_d01_121112_122652.d100.x.wav,B,11.92701863,68.20031056,222829.3481,222845.5049
./audio/DCPP01A_d01_121112_122652.d100.x.wav,20Hz,15.67857143,32.09161491,222831.7777,222833.7214
./audio/DCPP01A_d01_121112_122652.d100.x.wav,20Hz,15.20962733,30.68478261,222839.3702,222842.1642
./audio/DCPP01A_d01_121112_122652.d100.x.wav,B,36.3121118,50.84937888,222850.6678,222866.9461
./audio/DCPP01A_d01_121112_122652.d100.x.wav,D,33.02950311,72.88975155,222912.1256,222916.1952
./audio/DCPP01A_d01_121112_122652.d100.x.wav,20Hz,13.80279503,27.87111801,222948.0118,222949.5303
./audio/DCPP01A_d01_121112_122652.d100.x.wav,B,35.8431677,50.84937888,222956.6369,222970.85
./audio/DCPP01A_d01_121112_122652.d100.x.wav,B,38.1878882,49.91149068,222971.8219,222985.6706
./audio/DCPP01A_d01_121112_122652.d100.x.wav,40Hz,47.56677019,81.79968944,222983.1803,222985.1847
./audio/DCPP01A_d01_121112_122652.d100.x.wav,20Hz,16.14751553,29.27795031,222985.9136,222988.1002
./audio/DCPP01A_d01_121112_122652.d100.x.wav,A,74.76552795,87.42701863,223009.9555,223024.8975
./audio/DCPP01A_d01_121112_122652.d100.x.wav,B,20.83695652,50.38043478,223023.622,223047.0676
./audio/DCPP01A_d01_121112_122652.d100.x.wav,B,24.11956522,49.44254658,223059.0278,223076.9461
./audio/DCPP01A_d01_121112_122652.d100.x.wav,B,22.71273292,52.25621118,223131.231,223150.6071
./audio/DCPP01A_d01_121112_122652.d100.x.wav,B,37.7189441,50.84937888,223155.77,223169.315
./audio/DCPP01A_d01_121112_122652.d100.x.wav,B,20.36801242,51.78726708,223331.9434,223348.8291
./audio/DCPP01A_d01_121112_122652.d100.x.wav,20Hz,13.80279503,30.21583851,223453.1526,223455.2785
./audio/DCPP01A_d01_121112_122652.d100.x.wav,B,24.58850932,53.19409938,223467.1835,223483.2796
./audio/DCPP01A_d01_121112_122652.d100.x.wav,20Hz,16.14751553,30.68478261,223491.3581,223492.8766
./audio/DCPP01A_d01_121112_122652.d100.x.wav,B,36.7810559,52.72515528,223499.3094,223518.7462
./audio/DCPP01A_d01_121112_122652.d100.x.wav,20Hz,16.61645963,30.68478261,223501.2587,223503.6883
./audio/DCPP01A_d01_121112_122652.d100.x.wav,A,76.17236025,88.83385093,223608.6192,223626.0516
./audio/DCPP01A_d01_121112_122652.d100.x.wav,B,32.09161491,50.38043478,223621.5568,223640.447
./audio/DCPP01A_d01_121112_122652.d100.x.wav,B,23.65062112,51.78726708,223658.7849,223680.7728
./audio/DCPP01A_d01_121112_122652.d100.x.wav,B,37.25,53.66304348,223702.8103,223718.299
./audio/DCPP01A_d01_121112_122652.d100.x.wav,B,34.4363354,52.25621118,223743.6827,223760.8721
./audio/DCPP01A_d01_121112_122652.d100.x.wav,B,37.25,51.78726708,223825.1184,223844.9804
./audio/DCPP01A_d01_121112_122652.d100.x.wav,B,37.25,51.31832298,223870.5463,223888.2824
./audio/DCPP01A_d01_121112_122652.d100.x.wav,A,77.11024845,87.89596273,223871.5789,223889.6187
./audio/DCPP01A_d01_121112_122652.d100.x.wav,B,37.7189441,50.38043478,223921.6176,223936.1952
./audio/DCPP01A_d01_121112_122652.d100.x.wav,A,76.27795031,88.53881988,223945.6328,223959.873
./audio/DCPP01A_d01_121112_122652.d100.x.wav,B,35.8431677,52.25621118,223996.3111,224021.9434
./audio/DCPP01A_d01_121112_122652.d100.x.wav,B,14.27173913,52.72515528,224127.0013,224158.4646
./audio/DCPP01A_d01_121112_122652.d100.x.wav,B,37.7189441,52.25621118,224212.9317,224228.7849
./audio/DCPP01A_d01_121112_122652.d100.x.wav,B,10.98913043,66.79347826,224228.1167,224243.3017
./audio/DCPP01A_d01_121112_122652.d100.x.wav,B,38.1878882,49.91149068,224266.4381,224281.6231
./audio/DCPP01A_d01_121112_122652.d100.x.wav,B,31.15372671,52.72515528,224444.1907,224466.6038
./audio/DCPP01A_d01_121112_122652.d100.x.wav,B,34.9052795,52.25621118,224747.1614,224760.4028
./audio/DCPP01A_d01_121112_122652.d100.x.wav,B,24.11956522,50.84937888,224771.4574,224796.3001
./audio/DCPP01A_d01_121112_122652.d100.x.wav,B,16.61645963,52.25621118,225014.13,225030.3476
./audio/DCPP01A_d01_121112_122652.d100.x.wav,B,35.3742236,50.84937888,225041.3967,225057.9787
./audio/DCPP01A_d01_121112_122652.d100.x.wav,20Hz,12.86490683,26.46428571,225052.6943,225054.638
./audio/DCPP01A_d01_121112_122652.d100.x.wav,20Hz,17.08540373,34.4363354,225069.3923,225072.4293
./audio/DCPP01A_d01_121112_122652.d100.x.wav,20Hz,12.86490683,28.34006211,225090.2868,225093.0201
./audio/DCPP01A_d01_121112_122652.d100.x.wav,20Hz,17.08540373,33.02950311,225107.6474,225109.1051
./audio/DCPP01A_d01_121112_122652.d100.x.wav,20Hz,13.33385093,27.40217391,225128.7241,225131.0323
./audio/DCPP01A_d01_121112_122652.d100.x.wav,A,73.82763975,91.17857143,225129.2708,225143.8484
./audio/DCPP01A_d01_121112_122652.d100.x.wav,20Hz,16.61645963,31.15372671,225145.0576,225147.305
./audio/DCPP01A_d01_121112_122652.d100.x.wav,20Hz,13.80279503,28.34006211,225165.8252,225167.7081
./audio/DCPP01A_d01_121112_122652.d100.x.wav,B,8.175465839,68.66925466,225175.3006,225194.2515
./audio/DCPP01A_d01_121112_122652.d100.x.wav,20Hz,17.08540373,34.4363354,225266.0295,225267.6087
./audio/DCPP01A_d01_121112_122652.d100.x.wav,B,14.27173913,53.19409938,225266.2724,225283.2796
./audio/DCPP01A_d01_121112_122652.d100.x.wav,20Hz,12.39596273,25.52639752,225287.7081,225289.591
./audio/DCPP01A_d01_121112_122652.d100.x.wav,B,9.582298137,51.31832298,225295.1791,225310.1212
./audio/DCPP01A_d01_121112_122652.d100.x.wav,20Hz,16.61645963,30.21583851,225304.5331,225306.0516
./audio/DCPP01A_d01_121112_122652.d100.x.wav,20Hz,13.33385093,25.52639752,225325.3006,225327.2443
./audio/DCPP01A_d01_121112_122652.d100.x.wav,20Hz,17.55434783,31.15372671,225341.5126,225343.3348
./audio/DCPP01A_d01_121112_122652.d100.x.wav,20Hz,11.45807453,25.05745342,225362.7109,225365.4442
./audio/DCPP01A_d01_121112_122652.d100.x.wav,20Hz,16.61645963,33.02950311,225378.9229,225381.2918
./audio/DCPP01A_d01_121112_122652.d100.x.wav,20Hz,13.33385093,25.99534161,225399.9997,225401.7611
./audio/DCPP01A_d01_121112_122652.d100.x.wav,20Hz,17.55434783,32.56055901,225416.3332,225418.2161
./audio/DCPP01A_d01_121112_122652.d100.x.wav,B,29.74689441,50.84937888,225433.4619,225448.9506
./audio/DCPP01A_d01_121112_122652.d100.x.wav,20Hz,13.80279503,26.46428571,225437.7137,225439.6573
./audio/DCPP01A_d01_121112_122652.d100.x.wav,20Hz,16.14751553,30.68478261,225454.8423,225456.8468
./audio/DCPP01A_d01_121112_122652.d100.x.wav,B,12.86490683,50.84937888,225471.2918,225487.9953
./audio/DCPP01A_d01_121112_122652.d100.x.wav,20Hz,14.74068323,25.52639752,225475.665,225477.305
./audio/DCPP01A_d01_121112_122652.d100.x.wav,20Hz,17.08540373,33.02950311,225492.0648,225494.0693
./audio/DCPP01A_d01_121112_122652.d100.x.wav,20Hz,12.39596273,27.40217391,225511.6783,225513.6827
./audio/DCPP01A_d01_121112_122652.d100.x.wav,20Hz,17.55434783,29.74689441,225528.807,225530.3862
./audio/DCPP01A_d01_121112_122652.d100.x.wav,20Hz,13.65993789,26.79658385,225548.7908,225550.7465
./audio/DCPP01A_d01_121112_122652.d100.x.wav,B,10.98913043,52.25621118,225676.6148,225695.3834
./audio/DCPP01A_d01_121112_122652.d100.x.wav,20Hz,16.61645963,17.61645963,225697.6308,225698.6308
./audio/DCPP01A_d01_121112_122652.d100.x.wav,B,10.98913043,51.78726708,225814.3509,225830.8114
./audio/DCPP01A_d01_121112_122652.d100.x.wav,20Hz,16.14751553,29.74689441,225843.5612,225845.9301
./audio/DCPP01A_d01_121112_122652.d100.x.wav,20Hz,14.27173913,26.93322981,225865.7258,225867.8517
./audio/DCPP01A_d01_121112_122652.d100.x.wav,20Hz,18.02329193,32.56055901,225882.8545,225884.8589
./audio/DCPP01A_d01_121112_122652.d100.x.wav,20Hz,11.45807453,24.58850932,225903.2631,225904.9638
./audio/DCPP01A_d01_121112_122652.d100.x.wav,20Hz,17.08540373,31.62267081,225919.834,225921.5347
./audio/DCPP01A_d01_121112_122652.d100.x.wav,20Hz,12.86490683,24.58850932,225942.3685,225944.4944
./audio/DCPP01A_d01_121112_122652.d100.x.wav,20Hz,16.61645963,29.74689441,225959.1272,225961.2531
./audio/DCPP01A_d01_121112_122652.d100.x.wav,B,18.96118012,51.78726708,225975.6485,225995.8749
./audio/DCPP01A_d01_121112_122652.d100.x.wav,A,73.35869565,86.02018634,225979.6518,225994.8368
./audio/DCPP01A_d01_121112_122652.d100.x.wav,20Hz,16.14751553,28.80900621,225996.0571,225998.2438
./audio/DCPP01A_d01_121112_122652.d100.x.wav,20Hz,14.27173913,27.40217391,226017.1228,226018.8235
./audio/DCPP01A_d01_121112_122652.d100.x.wav,40Hz,41.0015528,69.13819876,226021.0102,226022.9538
./audio/DCPP01A_d01_121112_122652.d100.x.wav,40Hz,39.1257764,79.45496894,226024.7153,226026.7197
./audio/DCPP01A_d01_121112_122652.d100.x.wav,B,11.45807453,53.19409938,226027.0842,226042.8766
./audio/DCPP01A_d01_121112_122652.d100.x.wav,20Hz,17.08540373,31.15372671,226034.4944,226036.6203
./audio/DCPP01A_d01_121112_122652.d100.x.wav,B,10.05124224,52.72515528,226515.8859,226534.4116
./audio/DCPP01A_d01_121112_122652.d100.x.wav,B,37.25,50.38043478,226567.9953,226583.5447
./audio/DCPP01A_d01_121112_122652.d100.x.wav,B,35.8431677,54.13198758,226597.2056,226619.0113
./audio/DCPP01A_d01_121112_122652.d100.x.wav,20Hz,17.55434783,29.74689441,226599.3923,226600.9715
./audio/DCPP01A_d01_121112_122652.d100.x.wav,20Hz,12.39596273,24.11956522,226620.3476,226621.9268
./audio/DCPP01A_d01_121112_122652.d100.x.wav,20Hz,16.61645963,32.09161491,226636.6755,226638.6799
./audio/DCPP01A_d01_121112_122652.d100.x.wav,B,37.25,51.31832298,226651.1316,226671.2366
./audio/DCPP01A_d01_121112_122652.d100.x.wav,20Hz,13.33385093,24.58850932,226657.2056,226658.9064
./audio/DCPP01A_d01_121112_122652.d100.x.wav,20Hz,15.67857143,33.02950311,226673.2354,226675.5436
./audio/DCPP01A_d01_121112_122652.d100.x.wav,20Hz,12.39596273,27.40217391,226693.7048,226695.77
./audio/DCPP01A_d01_121112_122652.d100.x.wav,A,75.23447205,88.83385093,226709.7346,226725.6485
./audio/DCPP01A_d01_121112_122652.d100.x.wav,20Hz,17.08540373,31.62267081,226710.6513,226712.4735
./audio/DCPP01A_d01_121112_122652.d100.x.wav,B,10.98913043,64.91770186,226758.0725,226776.3553
./audio/DCPP01A_d01_121112_122652.d100.x.wav,A,77.11024845,89.30279503,226840.0604,226856.9461
./audio/DCPP01A_d01_121112_122652.d100.x.wav,B,12.39596273,68.66925466,226889.5524,226907.41
./audio/DCPP01A_d01_121112_122652.d100.x.wav,20Hz,15.67857143,33.02950311,227020.7286,227022.5508
./audio/DCPP01A_d01_121112_122652.d100.x.wav,B,10.52018634,65.85559006,227022.1863,227035.6706
./audio/DCPP01A_d01_121112_122652.d100.x.wav,B,37.25,53.19409938,227034.881,227049.1549
./audio/DCPP01A_d01_121112_122652.d100.x.wav,20Hz,17.16304348,32.92701863,227059.7203,227061.4927
./audio/DCPP01A_d01_121112_122652.d100.x.wav,B,39.5947205,50.84937888,227166.5982,227180.8114
./audio/DCPP01A_d01_121112_122652.d100.x.wav,B,36.3121118,52.72515528,227192.0427,227217.8572
./audio/DCPP01A_d01_121112_122652.d100.x.wav,20Hz,17.60093168,30.73757764,227220.3199,227221.6033
./audio/DCPP01A_d01_121112_122652.d100.x.wav,B,36.3121118,51.31832298,227245.8473,227267.9566
./audio/DCPP01A_d01_121112_122652.d100.x.wav,20Hz,15.41149068,30.73757764,227257.3567,227259.0679
./audio/DCPP01A_d01_121112_122652.d100.x.wav,B,25.52639752,50.38043478,227292.4845,227321.336
./audio/DCPP01A_d01_121112_122652.d100.x.wav,20Hz,16.72515528,29.86180124,227294.0795,227295.8519
./audio/DCPP01A_d01_121112_122652.d100.x.wav,20Hz,12.34627329,25.04503106,227314.2313,227315.6981
./audio/DCPP01A_d01_121112_122652.d100.x.wav,20Hz,17.60093168,31.61335404,227331.7719,227332.9331
./audio/DCPP01A_d01_121112_122652.d100.x.wav,20Hz,13.22204969,25.04503106,227352.246,227354.0795
./audio/DCPP01A_d01_121112_122652.d100.x.wav,A,74.76552795,89.30279503,227401.8605,227418.3818
./audio/DCPP01A_d01_121112_122652.d100.x.wav,B,17.08540373,52.72515528,227451.7169,227469.9389
./audio/DCPP01A_d01_121112_122652.d100.x.wav,B,19.89906832,49.91149068,227471.3912,227495.5657
./audio/DCPP01A_d01_121112_122652.d100.x.wav,A,75.70341615,83.67546584,227624.003,227639.188
./audio/DCPP01A_d01_121112_122652.d100.x.wav,B,24.11956522,49.91149068,227646.1731,227673.5668
./audio/DCPP01A_d01_121112_122652.d100.x.wav,B,21.77484472,50.84937888,227698.702,227729.072
./audio/DCPP01A_d01_121112_122652.d100.x.wav,B,22.71273292,51.78726708,227750.0162,227780.5077
./audio/DCPP01A_d01_121112_122652.d100.x.wav,B,20.83695652,51.78726708,227803.1526,227833.6441
./audio/DCPP01A_d01_121112_122652.d100.x.wav,20Hz,11.92701863,26.93322981,227831.2145,227833.887
./audio/DCPP01A_d01_121112_122652.d100.x.wav,B,10.52018634,52.25621118,227906.2117,227929.2929
./audio/DCPP01A_d01_121112_122652.d100.x.wav,20Hz,14.74068323,31.15372671,227924.4889,227926.3718
./audio/DCPP01A_d01_121112_122652.d100.x.wav,20Hz,13.80279503,25.05745342,227945.5049,227947.1449
./audio/DCPP01A_d01_121112_122652.d100.x.wav,B,21.30590062,50.38043478,227954.373,227976.3001
./audio/DCPP01A_d01_121112_122652.d100.x.wav,20Hz,17.08540373,29.74689441,227962.5121,227963.6054
./audio/DCPP01A_d01_121112_122652.d100.x.wav,20Hz,12.86490683,25.05745342,227984.3067,227986.0074
./audio/DCPP01A_d01_121112_122652.d100.x.wav,20Hz,17.08540373,30.21583851,228001.3139,228003.622
./audio/DCPP01A_d01_121112_122652.d100.x.wav,B,21.77484472,49.91149068,228006.416,228027.8572
./audio/DCPP01A_d01_121112_122652.d100.x.wav,B,22.24378882,53.19409938,228055.8473,228080.5684
./audio/DCPP01A_d01_121112_122652.d100.x.wav,B,23.18167702,53.19409938,228111.5955,228133.3404
./audio/DCPP01A_d01_121112_122652.d100.x.wav,A,78.51708075,89.77173913,228137.41,228153.2631
./audio/DCPP01A_d01_121112_122652.d100.x.wav,B,23.65062112,49.91149068,228297.8517,228321.844
./audio/DCPP01A_d01_121112_122652.d100.x.wav,B,20.83695652,50.84937888,228414.8754,228436.0129
./audio/DCPP01A_d01_121112_122652.d100.x.wav,B,17.08540373,50.84937888,228467.8296,228489.8782
./audio/DCPP01A_d01_121112_122652.d100.x.wav,20Hz,12.39596273,26.93322981,228579.7567,228581.4574
./audio/DCPP01A_d01_121112_122652.d100.x.wav,20Hz,16.61645963,32.56055901,228596.9406,228599.1272
./audio/DCPP01A_d01_121112_122652.d100.x.wav,40Hz,63.97981366,93.52329193,228617.2222,228618.6192
./audio/DCPP01A_d01_121112_122652.d100.x.wav,20Hz,11.92701863,30.68478261,228618.8622,228620.8058
./audio/DCPP01A_d01_121112_122652.d100.x.wav,B,16.14751553,51.31832298,228632.6501,228654.2128
./audio/DCPP01A_d01_121112_122652.d100.x.wav,20Hz,15.67857143,29.27795031,228635.7479,228637.6916
./audio/DCPP01A_d01_121112_122652.d100.x.wav,20Hz,10.98913043,28.80900621,228655.665,228657.9124
./audio/DCPP01A_d01_121112_122652.d100.x.wav,20Hz,18.02329193,32.09161491,228672.6667,228674.9748
./audio/DCPP01A_d01_121112_122652.d100.x.wav,20Hz,12.86490683,25.05745342,228693.2575,228694.9583
./audio/DCPP01A_d01_121112_122652.d100.x.wav,20Hz,16.14751553,30.68478261,228709.7125,228711.4132
./audio/DCPP01A_d01_121112_122652.d100.x.wav,20Hz,13.33385093,25.52639752,228731.3912,228732.8489
./audio/DCPP01A_d01_121112_122652.d100.x.wav,20Hz,16.14751553,32.56055901,228748.1554,228750.1598
./audio/DCPP01A_d01_121112_122652.d100.x.wav,B,11.92701863,56.47670807,228749.3702,228775.1239
./audio/DCPP01A_d01_121112_122652.d100.x.wav,20Hz,15.67857143,33.4984472,228785.2012,228787.1449
./audio/DCPP01A_d01_121112_122652.d100.x.wav,B,16.61645963,56.00776398,228803.114,228825.1626
./audio/DCPP01A_d01_121112_122652.d100.x.wav,20Hz,17.08540373,30.21583851,228822.3078,228824.7374
./audio/DCPP01A_d01_121112_122652.d100.x.wav,20Hz,14.27173913,27.40217391,228843.0201,228845.3283
./audio/DCPP01A_d01_121112_122652.d100.x.wav,20Hz,15.20962733,33.02950311,228859.9555,228862.0814
./audio/DCPP01A_d01_121112_122652.d100.x.wav,B,22.24378882,50.38043478,228867.9732,228892.3906
./audio/DCPP01A_d01_121112_122652.d100.x.wav,B,18.02329193,52.25621118,228924.3895,228946.1344
./audio/DCPP01A_d01_121112_122652.d100.x.wav,20Hz,15.67857143,31.62267081,228934.7153,228936.9627
./audio/DCPP01A_d01_121112_122652.d100.x.wav,20Hz,13.80279503,26.93322981,228955.0632,228957.0676
./audio/DCPP01A_d01_121112_122652.d100.x.wav,20Hz,16.14751553,32.56055901,228972.7274,228974.7319
./audio/DCPP01A_d01_121112_122652.d100.x.wav,B,19.89906832,53.19409938,228977.4044,228998.6027
./audio/DCPP01A_d01_121112_122652.d100.x.wav,B,20.36801242,51.31832298,229029.1493,229051.1372
./audio/DCPP01A_d01_121112_122652.d100.x.wav,D,16.61645963,69.13819876,229029.696,229036.2559
./audio/DCPP01A_d01_121112_122652.d100.x.wav,B,10.52018634,70.07608696,229124.8533,229144.0472
./audio/DCPP01A_d01_121112_122652.d100.x.wav,20Hz,13.80279503,25.52639752,229148.1775,229149.3923
./audio/DCPP01A_d01_121112_122652.d100.x.wav,20Hz,15.67857143,31.62267081,229164.638,229166.035
./audio/DCPP01A_d01_121112_122652.d100.x.wav,20Hz,12.39596273,24.11956522,229185.157,229186.797
./audio/DCPP01A_d01_121112_122652.d100.x.wav,B,18.49223602,52.25621118,229187.2222,229208.9671
./audio/DCPP01A_d01_121112_122652.d100.x.wav,20Hz,18.02329193,31.62267081,229201.2531,229203.2575
./audio/DCPP01A_d01_121112_122652.d100.x.wav,20Hz,12.39596273,25.99534161,229221.4133,229223.4784
./audio/DCPP01A_d01_121112_122652.d100.x.wav,20Hz,16.14751553,33.02950311,229238.056,229240.6071
./audio/DCPP01A_d01_121112_122652.d100.x.wav,20Hz,13.33385093,25.05745342,229259.4917,229261.982
./audio/DCPP01A_d01_121112_122652.d100.x.wav,20Hz,14.27173913,33.9673913,229276.4933,229278.2548
./audio/DCPP01A_d01_121112_122652.d100.x.wav,20Hz,14.53571429,25.92080745,229298.754,229300.4041
./audio/DCPP01A_d01_121112_122652.d100.x.wav,20Hz,16.61645963,32.56055901,229315.7921,229317.4928
./audio/DCPP01A_d01_121112_122652.d100.x.wav,20Hz,13.22204969,27.23447205,229335.6686,229337.5632
./audio/DCPP01A_d01_121112_122652.d100.x.wav,B,20.36801242,55.53881988,229342.3243,229363.887
./audio/DCPP01A_d01_121112_122652.d100.x.wav,B,20.36801242,52.72515528,229467.6695,229490.9329
./audio/DCPP01A_d01_121112_122652.d100.x.wav,B,10.98913043,51.78726708,229666.1896,229684.6546
./audio/DCPP01A_d01_121112_122652.d100.x.wav,20Hz,17.55434783,29.27795031,229677.3658,229679.5524
./audio/DCPP01A_d01_121112_122652.d100.x.wav,B,21.77484472,53.66304348,229684.776,229706.3995
./audio/DCPP01A_d01_121112_122652.d100.x.wav,B,13.33385093,25.05745342,229698.5033,229700.0218
./audio/DCPP01A_d01_121112_122652.d100.x.wav,20Hz,17.55434783,33.9673913,229714.7816,229716.8468
./audio/DCPP01A_d01_121112_122652.d100.x.wav,B,10.05124224,67.26242236,230061.4133,230079.5745
./audio/DCPP01A_d01_121112_122652.d100.x.wav,20Hz,17.08540373,32.09161491,230125.908,230127.4265
./audio/DCPP01A_d01_121112_122652.d100.x.wav,20Hz,13.33385093,23.65062112,230149.0499,230149.9003
./audio/DCPP01A_d01_121112_122652.d100.x.wav,20Hz,17.08540373,31.15372671,230165.2675,230166.6645
./audio/DCPP01A_d01_121112_122652.d100.x.wav,A,72.42080745,94.46118012,230177.1007,230194.2901
./audio/DCPP01A_d01_121112_122652.d100.x.wav,20Hz,16.61645963,31.62267081,230201.6949,230203.5171
./audio/DCPP01A_d01_121112_122652.d100.x.wav,20Hz,12.86490683,23.18167702,230222.4679,230223.9257
./audio/DCPP01A_d01_121112_122652.d100.x.wav,B,11.45807453,67.26242236,230225.9908,230243.6662
./audio/DCPP01A_d01_121112_122652.d100.x.wav,B,11.92701863,64.91770186,230352.8489,230371.1316
./audio/DCPP01A_d01_121112_122652.d100.x.wav,B,14.27173913,67.73136646,230479.3481,230495.6264
./audio/DCPP01A_d01_121112_122652.d100.x.wav,B,23.65062112,51.78726708,230536.2504,230557.2664
./audio/DCPP01A_d01_121112_122652.d100.x.wav,B,24.58850932,49.44254658,230589.3923,230610.1046
./audio/DCPP01A_d01_121112_122652.d100.x.wav,B,9.582298137,65.85559006,230682.7274,230700.8887
./audio/DCPP01A_d01_121112_122652.d100.x.wav,A,73.82763975,92.58540373,230758.7628,230775.5878
./audio/DCPP01A_d01_121112_122652.d100.x.wav,B,12.39596273,65.85559006,230807.04,230823.9257
./audio/DCPP01A_d01_121112_122652.d100.x.wav,A,71.01397516,93.05434783,230885.8694,230901.5403
./audio/DCPP01A_d01_121112_122652.d100.x.wav,B,8.644409938,67.73136646,230932.6281,230950.9715
./audio/DCPP01A_d01_121112_122652.d100.x.wav,B,10.98913043,66.79347826,230982.1808,231001.4961
./audio/DCPP01A_d01_121112_122652.d100.x.wav,20Hz,17.08540373,30.68478261,230986.1344,230988.2603
./audio/DCPP01A_d01_121112_122652.d100.x.wav,B,11.45807453,68.20031056,231030.342,231045.1018
./audio/DCPP01A_d01_121112_122652.d100.x.wav,B,26.46428571,49.91149068,231076.4326,231100.7893
./audio/DCPP01A_d01_121112_122652.d100.x.wav,B,9.582298137,53.19409938,231103.9422,231126.1123
./audio/DCPP01A_d01_121112_122652.d100.x.wav,20Hz,14.27173913,25.52639752,231133.2741,231134.7926
./audio/DCPP01A_d01_121112_122652.d100.x.wav,20Hz,16.14751553,30.21583851,231150.2813,231151.8605
./audio/DCPP01A_d01_121112_122652.d100.x.wav,A,74.76552795,90.70962733,231164.1907,231177.0676
./audio/DCPP01A_d01_121112_122652.d100.x.wav,20Hz,16.61645963,32.56055901,231190.4801,231192.4237
./audio/DCPP01A_d01_121112_122652.d100.x.wav,B,9.582298137,67.26242236,231208.3376,231227.1063
./audio/DCPP01A_d01_121112_122652.d100.x.wav,20Hz,18.02329193,31.62267081,231230.9936,231232.7551
./audio/DCPP01A_d01_121112_122652.d100.x.wav,20Hz,15.20962733,39.5947205,231347.4044,231350.4414
./audio/DCPP01A_d01_121112_122652.d100.x.wav,A,72.42080745,92.58540373,231367.3271,231385.3669
./audio/DCPP01A_d01_121112_122652.d100.x.wav,20Hz,13.80279503,32.09161491,231384.6932,231387.548
./audio/DCPP01A_d01_121112_122652.d100.x.wav,A,77.57919255,92.11645963,231395.8086,231404.8589
./audio/DCPP01A_d01_121112_122652.d100.x.wav,B,18.49223602,52.72515528,231416.2117,231432.0648
./audio/DCPP01A_d01_121112_122652.d100.x.wav,20Hz,16.61645963,31.15372671,231422.1642,231424.2901
./audio/DCPP01A_d01_121112_122652.d100.x.wav,B,10.98913043,66.79347826,231442.6281,231458.6634
./audio/DCPP01A_d01_121112_122652.d100.x.wav,B,12.39596273,53.19409938,231458.1167,231478.5254
./audio/DCPP01A_d01_121112_122652.d100.x.wav,20Hz,16.61645963,33.4984472,231459.696,231461.8826
./audio/DCPP01A_d01_121112_122652.d100.x.wav,20Hz,14.09782609,26.35869565,231482.2229,231483.873
./audio/DCPP01A_d01_121112_122652.d100.x.wav,20Hz,15.67857143,31.62267081,231498.8622,231501.0488
./audio/DCPP01A_d01_121112_122652.d100.x.wav,20Hz,13.65993789,26.79658385,231517.7234,231519.3735
./audio/DCPP01A_d01_121112_122652.d100.x.wav,A,71.48291925,91.17857143,231525.2785,231538.6413
./audio/DCPP01A_d01_121112_122652.d100.x.wav,20Hz,16.61645963,33.9673913,231534.2073,231536.3332
./audio/DCPP01A_d01_121112_122652.d100.x.wav,20Hz,12.86490683,27.40217391,231554.5552,231556.7418
./audio/DCPP01A_d01_121112_122652.d100.x.wav,B,12.39596273,67.26242236,231570.7065,231588.9285
./audio/DCPP01A_d01_121112_122652.d100.x.wav,20Hz,19.43012422,31.62267081,231571.5568,231573.0146
./audio/DCPP01A_d01_121112_122652.d100.x.wav,20Hz,13.80279503,24.58850932,231594.6325,231596.0902
./audio/DCPP01A_d01_121112_122652.d100.x.wav,20Hz,14.74068323,33.02950311,231610.723,231612.7274
./audio/DCPP01A_d01_121112_122652.d100.x.wav,B,21.30590062,51.78726708,231625.6043,231643.1582
./audio/DCPP01A_d01_121112_122652.d100.x.wav,20Hz,13.33385093,24.58850932,231633.6827,231635.5049
./audio/DCPP01A_d01_121112_122652.d100.x.wav,20Hz,15.20962733,33.4984472,231650.447,231652.9373
./audio/DCPP01A_d01_121112_122652.d100.x.wav,B,23.18167702,51.31832298,231688.2769,231718.1609
./audio/DCPP01A_d01_121112_122652.d100.x.wav,A,73.65062112,88.53881988,231749.4031,231762.971
./audio/DCPP01A_d01_121112_122652.d100.x.wav,B,8.644409938,53.66304348,231794.4889,231813.379
./audio/DCPP01A_d01_121112_122652.d100.x.wav,20Hz,14.74068323,33.02950311,231835.3614,231837.6695
./audio/DCPP01A_d01_121112_122652.d100.x.wav,B,10.05124224,52.72515528,231845.5657,231861.5403
./audio/DCPP01A_d01_121112_122652.d100.x.wav,B,37.25,51.31832298,231863.1803,231875.6927
./audio/DCPP01A_d01_121112_122652.d100.x.wav,20Hz,17.08540373,32.56055901,231876.3553,231878.056
./audio/DCPP01A_d01_121112_122652.d100.x.wav,B,11.45807453,50.84937888,231897.9124,231915.1626
./audio/DCPP01A_d01_121112_122652.d100.x.wav,20Hz,10.98913043,23.65062112,231906.2338,231908.1167
./audio/DCPP01A_d01_121112_122652.d100.x.wav,A,71.95186335,93.52329193,231916.3166,231929.4365
./audio/DCPP01A_d01_121112_122652.d100.x.wav,20Hz,18.96118012,28.34006211,231922.998,231924.7595
./audio/DCPP01A_d01_121112_122652.d100.x.wav,20Hz,15.20962733,24.58850932,231944.6711,231946.6755
./audio/DCPP01A_d01_121112_122652.d100.x.wav,20Hz,16.61645963,31.62267081,231961.1316,231963.1968
./audio/DCPP01A_d01_121112_122652.d100.x.wav,B,8.644409938,53.66304348,231963.6827,231983.0588
./audio/DCPP01A_d01_121112_122652.d100.x.wav,20Hz,15.67857143,33.4984472,231997.4542,231999.8838
./audio/DCPP01A_d01_121112_122652.d100.x.wav,20Hz,16.14751553,30.21583851,232036.5541,232038.3763
./audio/DCPP01A_d01_121112_122652.d100.x.wav,A,74.08850932,90.72826087,232041.2218,232056.3177
./audio/DCPP01A_d01_121112_122652.d100.x.wav,20Hz,15.20962733,32.09161491,232074.1466,232075.908
./audio/DCPP01A_d01_121112_122652.d100.x.wav,B,7.706521739,54.60093168,232088.3597,232106.8854
./audio/DCPP01A_d01_121112_122652.d100.x.wav,20Hz,17.55434783,33.4984472,232110.0991,232111.7998
./audio/DCPP01A_d01_121112_122652.d100.x.wav,20Hz,14.27173913,27.87111801,232129.6518,232131.3525
./audio/DCPP01A_d01_121112_122652.d100.x.wav,B,11.92701863,51.78726708,232138.8843,232164.0306
./audio/DCPP01A_d01_121112_122652.d100.x.wav,20Hz,19.43012422,31.62267081,232146.1123,232148.2382
./audio/DCPP01A_d01_121112_122652.d100.x.wav,20Hz,11.92701863,22.71273292,232166.1565,232168.1609
./audio/DCPP01A_d01_121112_122652.d100.x.wav,20Hz,16.61645963,33.9673913,232182.6667,232185.4
./audio/DCPP01A_d01_121112_122652.d100.x.wav,B,38.6568323,49.91149068,232187.3437,232201.7998
./audio/DCPP01A_d01_121112_122652.d100.x.wav,B,19.43012422,53.66304348,232201.7998,232223.5447
./audio/DCPP01A_d01_121112_122652.d100.x.wav,20Hz,12.86490683,25.99534161,232203.5612,232206.5375
./audio/DCPP01A_d01_121112_122652.d100.x.wav,20Hz,17.08540373,32.56055901,232220.9273,232222.5673
./audio/DCPP01A_d01_121112_122652.d100.x.wav,A,70.07608696,90.24068323,232221.8384,232238.7849
./audio/DCPP01A_d01_121112_122652.d100.x.wav,20Hz,11.92701863,25.99534161,232240.966,232242.7882
./audio/DCPP01A_d01_121112_122652.d100.x.wav,B,12.86490683,50.38043478,232254.268,232276.4381
./audio/DCPP01A_d01_121112_122652.d100.x.wav,20Hz,16.61645963,33.4984472,232257.1836,232259.5524
./audio/DCPP01A_d01_121112_122652.d100.x.wav,B,11.92701863,49.44254658,232272.3685,232289.8009
./audio/DCPP01A_d01_121112_122652.d100.x.wav,20Hz,13.33385093,26.46428571,232276.8026,232278.7462
./audio/DCPP01A_d01_121112_122652.d100.x.wav,A,72.77484472,89.85248447,232285.6222,232300.4736
./audio/DCPP01A_d01_121112_122652.d100.x.wav,20Hz,16.61645963,35.3742236,232292.4127,232294.9638
./audio/DCPP01A_d01_121112_122652.d100.x.wav,B,12.86490683,51.78726708,232307.7689,232333.6441
./audio/DCPP01A_d01_121112_122652.d100.x.wav,20Hz,11.45807453,25.05745342,232313.5392,232315.4221
./audio/DCPP01A_d01_121112_122652.d100.x.wav,20Hz,18.49223602,33.4984472,232329.3923,232331.7611
./audio/DCPP01A_d01_121112_122652.d100.x.wav,B,10.05124224,51.78726708,232334.1245,232352.8324
./audio/DCPP01A_d01_121112_122652.d100.x.wav,20Hz,13.33385093,24.58850932,232349.9831,232351.6839
./audio/DCPP01A_d01_121112_122652.d100.x.wav,A,75.70341615,90.70962733,232354.776,232371.7832
./audio/DCPP01A_d01_121112_122652.d100.x.wav,20Hz,15.20962733,32.09161491,232366.3111,232368.4977
./audio/DCPP01A_d01_121112_122652.d100.x.wav,B,21.30590062,53.66304348,232377.3658,232398.4425
./audio/DCPP01A_d01_121112_122652.d100.x.wav,20Hz,12.86490683,25.99534161,232386.416,232388.3597
./audio/DCPP01A_d01_121112_122652.d100.x.wav,B,18.96118012,53.66304348,232402.6888,232421.6397
./audio/DCPP01A_d01_121112_122652.d100.x.wav,20Hz,15.20962733,34.4363354,232403.3569,232405.3614
./audio/DCPP01A_d01_121112_122652.d100.x.wav,A,74.52639752,88.97670807,232422.3599,232436.7835
./audio/DCPP01A_d01_121112_122652.d100.x.wav,B,11.45807453,55.53881988,232468.702,232487.1063
./audio/DCPP01A_d01_121112_122652.d100.x.wav,B,21.77484472,51.31832298,232508.299,232529.8617
./audio/DCPP01A_d01_121112_122652.d100.x.wav,B,18.49223602,49.44254658,232532.1035,232546.9848
./audio/DCPP01A_d01_121112_122652.d100.x.wav,A,78.02950311,88.53881988,232545.1713,232557.6391
./audio/DCPP01A_d01_121112_122652.d100.x.wav,A,80.2189441,87.22515528,232557.1502,232568.3957
./audio/DCPP01A_d01_121112_122652.d100.x.wav,20Hz,14.74068323,33.9673913,232584.1466,232586.2117
./audio/DCPP01A_d01_121112_122652.d100.x.wav,B,10.98913043,53.19409938,232592.2857,232617.8572
./audio/DCPP01A_d01_121112_122652.d100.x.wav,20Hz,15.67857143,33.4984472,232622.1642,232624.3509
./audio/DCPP01A_d01_121112_122652.d100.x.wav,20Hz,15.67857143,33.4984472,232659.453,232661.336
./audio/DCPP01A_d01_121112_122652.d100.x.wav,B,16.14751553,52.25621118,232663.0311,232684.4116
./audio/DCPP01A_d01_121112_122652.d100.x.wav,B,13.80279503,51.31832298,232689.453,232712.2913
./audio/DCPP01A_d01_121112_122652.d100.x.wav,20Hz,15.20962733,30.68478261,232697.9511,232699.8948
./audio/DCPP01A_d01_121112_122652.d100.x.wav,A,77.57919255,89.77173913,232706.6369,232724.9804
./audio/DCPP01A_d01_121112_122652.d100.x.wav,B,13.33385093,52.72515528,232715.3834,232738.5254
./audio/DCPP01A_d01_121112_122652.d100.x.wav,20Hz,16.14751553,30.21583851,232736.4602,232738.2824
./audio/DCPP01A_d01_121112_122652.d100.x.wav,B,15.20962733,48.97360248,232756.7363,232780.6678
./audio/DCPP01A_d01_121112_122652.d100.x.wav,20Hz,15.67857143,30.21583851,232774.6546,232776.1123
./audio/DCPP01A_d01_121112_122652.d100.x.wav,B,12.39596273,51.31832298,232781.6397,232799.8617
./audio/DCPP01A_d01_121112_122652.d100.x.wav,20Hz,10.05124224,27.87111801,232797.3713,232799.2543
./audio/DCPP01A_d01_121112_122652.d100.x.wav,B,15.20962733,51.78726708,232846.3718,232860.4028
./audio/DCPP01A_d01_121112_122652.d100.x.wav,B,17.55434783,52.72515528,232900.7838,232922.4679
./audio/DCPP01A_d01_121112_122652.d100.x.wav,B,25.05745342,50.38043478,232923.8042,232954.6601
./audio/DCPP01A_d01_121112_122652.d100.x.wav,20Hz,18.96118012,32.56055901,232948.7021,232950.342
./audio/DCPP01A_d01_121112_122652.d100.x.wav,B,16.61645963,50.84937888,232955.1405,232976.278
./audio/DCPP01A_d01_121112_122652.d100.x.wav,20Hz,18.49223602,32.09161491,232985.4442,232987.2056
./audio/DCPP01A_d01_121112_122652.d100.x.wav,B,24.11956522,52.25621118,232988.7849,233006.8247
./audio/DCPP01A_d01_121112_122652.d100.x.wav,B,16.61645963,53.19409938,233007.8517,233029.7788
./audio/DCPP01A_d01_121112_122652.d100.x.wav,20Hz,18.02329193,30.68478261,233023.0311,233024.9748
./audio/DCPP01A_d01_121112_122652.d100.x.wav,B,35.3742236,52.72515528,233043.0753,233063.0588
./audio/DCPP01A_d01_121112_122652.d100.x.wav,20Hz,17.55434783,29.74689441,233064.5773,233066.278
./audio/DCPP01A_d01_121112_122652.d100.x.wav,A,74.08850932,93.35559006,233190.6254,233207.9215
./audio/DCPP01A_d01_121112_122652.d100.x.wav,B,21.54192547,51.75621118,233220.6254,233240.9162
./audio/DCPP01A_d01_121112_122652.d100.x.wav,B,11.90838509,66.64440994,233239.9384,233256.99
./audio/DCPP01A_d01_121112_122652.d100.x.wav,B,18.49223602,50.38043478,233394.4503,233415.7092
./audio/DCPP01A_d01_121112_122652.d100.x.wav,20Hz,14.27173913,29.74689441,233409.9389,233411.4574
./audio/DCPP01A_d01_121112_122652.d100.x.wav,20Hz,12.39596273,24.58850932,233430.2868,233432.8987
./audio/DCPP01A_d01_121112_122652.d100.x.wav,20Hz,19.35248447,30.73757764,233447.2671,233448.9784
./audio/DCPP01A_d01_121112_122652.d100.x.wav,A,74.96428571,88.10093168,233465.166,233480.0174
./audio/DCPP01A_d01_121112_122652.d100.x.wav,20Hz,16.72515528,29.86180124,233486.1902,233487.657
./audio/DCPP01A_d01_121112_122652.d100.x.wav,20Hz,15.84937888,25.04503106,233506.0448,233507.8172
./audio/DCPP01A_d01_121112_122652.d100.x.wav,A,77.59161491,87.22515528,233506.7171,233521.8129
./audio/DCPP01A_d01_121112_122652.d100.x.wav,B,13.22204969,65.76863354,233513.4399,233529.0858
./audio/DCPP01A_d01_121112_122652.d100.x.wav,B,25.92080745,50.88043478,233554.6159,233575.8235
./audio/DCPP01A_d01_121112_122652.d100.x.wav,A,77.15372671,88.10093168,233587.4273,233603.7455
./audio/DCPP01A_d01_121112_122652.d100.x.wav,A,78.4673913,89.41459627,233628.5422,233641.5601
./audio/DCPP01A_d01_121112_122652.d100.x.wav,B,14.09782609,52.63198758,233635.6317,233651.5832
./audio/DCPP01A_d01_121112_122652.d100.x.wav,B,34.9052795,51.31832298,233652.8489,233668.5806
./audio/DCPP01A_d01_121112_122652.d100.x.wav,B,24.58850932,52.25621118,233673.4398,233706.2394
./audio/DCPP01A_d01_121112_122652.d100.x.wav,A,73.82763975,89.77173913,233746.0681,233761.1316
./audio/DCPP01A_d01_121112_122652.d100.x.wav,B,33.9673913,51.78726708,233769.6352,233787.5535
./audio/DCPP01A_d01_121112_122652.d100.x.wav,B,21.77484472,52.72515528,233791.3139,233824.9031
./audio/DCPP01A_d01_121112_122652.d100.x.wav,A,76.71583851,90.72826087,233843.676,233859.872
./audio/DCPP01A_d01_121112_122652.d100.x.wav,A,76.27795031,87.22515528,233881.8046,233899.2229
./audio/DCPP01A_d01_121112_122652.d100.x.wav,B,13.22204969,65.76863354,233892.1944,233909.1849
./audio/DCPP01A_d01_121112_122652.d100.x.wav,B,13.22204969,53.50776398,233931.1786,233944.8077
./audio/DCPP01A_d01_121112_122652.d100.x.wav,A,78.4673913,87.22515528,233935.8151,233950.6665
./audio/DCPP01A_d01_121112_122652.d100.x.wav,A,75.40217391,88.97670807,233981.3388,233990.7508
./audio/DCPP01A_d01_121112_122652.d100.x.wav,B,39.05745342,49.12888199,233982.9278,234003.5242
